[{"model": "admin.logentry", "pk": 1, "fields": {"action_time": "2024-07-29T22:42:43.146Z", "user": 1, "content_type": 7, "object_id": "1", "object_repr": "boutiqueadoexample.com", "action_flag": 2, "change_message": "[{\"changed\": {\"fields\": [\"Domain name\", \"Display name\"]}}]"}}, {"model": "admin.logentry", "pk": 2, "fields": {"action_time": "2024-08-15T21:44:48.235Z", "user": 1, "content_type": 8, "object_id": "1", "object_repr": "brianmcananey49@googlemail.com", "action_flag": 2, "change_message": "[{\"changed\": {\"fields\": [\"Verified\", \"Primary\"]}}]"}}, {"model": "admin.logentry", "pk": 3, "fields": {"action_time": "2024-10-08T21:14:43.692Z", "user": 1, "content_type": 15, "object_id": "1", "object_repr": "CD76A4D6FDEA4CEF98471124B9CB8BD3", "action_flag": 3, "change_message": ""}}, {"model": "admin.logentry", "pk": 4, "fields": {"action_time": "2024-10-08T21:18:43.808Z", "user": 1, "content_type": 15, "object_id": "2", "object_repr": "05963B585AC245E99A844A4BBB2D619C", "action_flag": 2, "change_message": "[{\"changed\": {\"name\": \"order line item\", \"object\": \"SKU pp5001340155 on order 05963B585AC245E99A844A4BBB2D619C\", \"fields\": [\"Quantity\"]}}]"}}, {"model": "admin.logentry", "pk": 5, "fields": {"action_time": "2024-10-08T21:19:32.879Z", "user": 1, "content_type": 15, "object_id": "2", "object_repr": "05963B585AC245E99A844A4BBB2D619C", "action_flag": 2, "change_message": "[{\"changed\": {\"name\": \"order line item\", \"object\": \"SKU pp5002820147 on order 05963B585AC245E99A844A4BBB2D619C\", \"fields\": [\"Product\"]}}, {\"deleted\": {\"name\": \"order line item\", \"object\": \"SKU pp5001340155 on order 05963B585AC245E99A844A4BBB2D619C\"}}, {\"deleted\": {\"name\": \"order line item\", \"object\": \"SKU pp5001730010 on order 05963B585AC245E99A844A4BBB2D619C\"}}]"}}, {"model": "admin.logentry", "pk": 6, "fields": {"action_time": "2024-10-08T21:20:08.806Z", "user": 1, "content_type": 15, "object_id": "2", "object_repr": "05963B585AC245E99A844A4BBB2D619C", "action_flag": 3, "change_message": ""}}, {"model": "admin.logentry", "pk": 7, "fields": {"action_time": "2024-10-18T15:41:33.268Z", "user": 1, "content_type": 14, "object_id": "176", "object_repr": "test2", "action_flag": 3, "change_message": ""}}, {"model": "admin.logentry", "pk": 8, "fields": {"action_time": "2024-10-18T15:41:33.276Z", "user": 1, "content_type": 14, "object_id": "175", "object_repr": "test", "action_flag": 3, "change_message": ""}}, {"model": "admin.logentry", "pk": 9, "fields": {"action_time": "2024-12-06T14:06:30.925Z", "user": 1, "content_type": 8, "object_id": "3", "object_repr": "brian@gmail.com", "action_flag": 3, "change_message": ""}}, {"model": "admin.logentry", "pk": 10, "fields": {"action_time": "2024-12-06T20:40:52.101Z", "user": 1, "content_type": 13, "object_id": "7", "object_repr": "trainers", "action_flag": 2, "change_message": "[{\"changed\": {\"fields\": [\"Name\", \"Friendly name\"]}}]"}}, {"model": "admin.logentry", "pk": 11, "fields": {"action_time": "2024-12-06T20:48:08.206Z", "user": 1, "content_type": 14, "object_id": "4", "object_repr": "adidas Originals Handball Spezial", "action_flag": 2, "change_message": "[{\"changed\": {\"fields\": [\"Name\", \"Description\", \"Has sizes\", \"Price\", \"Rating\", \"Image url\"]}}]"}}, {"model": "admin.logentry", "pk": 12, "fields": {"action_time": "2024-12-06T20:53:23.822Z", "user": 1, "content_type": 14, "object_id": "4", "object_repr": "adidas Originals Handball Spezial", "action_flag": 2, "change_message": "[{\"changed\": {\"fields\": [\"Image url\", \"Image\"]}}]"}}, {"model": "admin.logentry", "pk": 13, "fields": {"action_time": "2024-12-06T20:56:40.447Z", "user": 1, "content_type": 14, "object_id": "5", "object_repr": "adidas Originals Handball Spezial warm sandstone / preloved ink / gold metallic", "action_flag": 2, "change_message": "[{\"changed\": {\"fields\": [\"Name\", \"Description\", \"Price\", \"Image url\", \"Image\"]}}]"}}, {"model": "admin.logentry", "pk": 14, "fields": {"action_time": "2024-12-06T20:59:44.860Z", "user": 1, "content_type": 14, "object_id": "8", "object_repr": "adidas Originals Gazelle Trainer brown / pink / gum", "action_flag": 2, "change_message": "[{\"changed\": {\"fields\": [\"Name\", \"Description\", \"Price\", \"Image url\", \"Image\"]}}]"}}, {"model": "admin.logentry", "pk": 15, "fields": {"action_time": "2024-12-06T21:00:44.569Z", "user": 1, "content_type": 14, "object_id": "10", "object_repr": "Reflections Set of 4 Microfiber Napkins", "action_flag": 3, "change_message": ""}}, {"model": "admin.logentry", "pk": 16, "fields": {"action_time": "2024-12-06T21:00:44.585Z", "user": 1, "content_type": 14, "object_id": "20", "object_repr": "JCPenney Home Oven Mitt", "action_flag": 3, "change_message": ""}}, {"model": "admin.logentry", "pk": 17, "fields": {"action_time": "2024-12-06T21:00:44.585Z", "user": 1, "content_type": 14, "object_id": "21", "object_repr": "Farberware Sonoma 2-qt. Whistling Tea Kettle", "action_flag": 3, "change_message": ""}}, {"model": "admin.logentry", "pk": 18, "fields": {"action_time": "2024-12-06T21:00:44.601Z", "user": 1, "content_type": 14, "object_id": "26", "object_repr": "JCPenney Home Ashley Scalloped Stoneware 50-pc. Dinnerware Set - Service for 8", "action_flag": 3, "change_message": ""}}, {"model": "admin.logentry", "pk": 19, "fields": {"action_time": "2024-12-06T21:00:44.606Z", "user": 1, "content_type": 14, "object_id": "27", "object_repr": "Rachael Ray Porcelain II 10-pc. Cookware Set", "action_flag": 3, "change_message": ""}}, {"model": "admin.logentry", "pk": 20, "fields": {"action_time": "2024-12-06T21:00:44.606Z", "user": 1, "content_type": 14, "object_id": "40", "object_repr": "Cake Boss Powdered Sugar Shaker with Lid", "action_flag": 3, "change_message": ""}}, {"model": "admin.logentry", "pk": 21, "fields": {"action_time": "2024-12-06T21:00:44.622Z", "user": 1, "content_type": 14, "object_id": "41", "object_repr": "Cake Boss Set of 2 Silicone Baking Mats", "action_flag": 3, "change_message": ""}}, {"model": "admin.logentry", "pk": 22, "fields": {"action_time": "2024-12-06T21:00:44.637Z", "user": 1, "content_type": 14, "object_id": "42", "object_repr": "Corelle Livingware 16-pc. Dinnerware Set", "action_flag": 3, "change_message": ""}}, {"model": "admin.logentry", "pk": 23, "fields": {"action_time": "2024-12-06T21:00:44.637Z", "user": 1, "content_type": 14, "object_id": "43", "object_repr": "Cuisinart Round Classic Waffle Maker", "action_flag": 3, "change_message": ""}}, {"model": "admin.logentry", "pk": 24, "fields": {"action_time": "2024-12-06T21:00:44.653Z", "user": 1, "content_type": 14, "object_id": "47", "object_repr": "Konitz Dots and Stripes Set of 2 Bone China Mugs", "action_flag": 3, "change_message": ""}}, {"model": "admin.logentry", "pk": 25, "fields": {"action_time": "2024-12-06T21:00:44.653Z", "user": 1, "content_type": 14, "object_id": "52", "object_repr": "Philips Airfryer Grill Pan", "action_flag": 3, "change_message": ""}}, {"model": "admin.logentry", "pk": 26, "fields": {"action_time": "2024-12-06T21:00:44.669Z", "user": 1, "content_type": 14, "object_id": "59", "object_repr": "Keurig K250 2.0 Compact Brewer", "action_flag": 3, "change_message": ""}}, {"model": "admin.logentry", "pk": 27, "fields": {"action_time": "2024-12-06T21:00:44.669Z", "user": 1, "content_type": 14, "object_id": "63", "object_repr": "Pfaltzgraff Everyday Sandy Shore 16-pc. Dinnerware Set", "action_flag": 3, "change_message": ""}}, {"model": "admin.logentry", "pk": 28, "fields": {"action_time": "2024-12-06T21:00:44.684Z", "user": 1, "content_type": 14, "object_id": "98", "object_repr": "Arlee Jada Plaid Set of 4 Placemats", "action_flag": 3, "change_message": ""}}, {"model": "admin.logentry", "pk": 29, "fields": {"action_time": "2024-12-06T21:00:44.684Z", "user": 1, "content_type": 14, "object_id": "145", "object_repr": "Presto Pizzazz Plus Rotating Oven", "action_flag": 3, "change_message": ""}}, {"model": "admin.logentry", "pk": 30, "fields": {"action_time": "2024-12-06T21:03:10.876Z", "user": 1, "content_type": 14, "object_id": "146", "object_repr": "adidas Originals Handball Spezial Trainer aluminium / beige / gum", "action_flag": 2, "change_message": "[{\"changed\": {\"fields\": [\"Name\", \"Description\", \"Price\", \"Image url\", \"Image\"]}}]"}}, {"model": "admin.logentry", "pk": 31, "fields": {"action_time": "2024-12-06T21:05:39.353Z", "user": 1, "content_type": 14, "object_id": "148", "object_repr": "Nike Air Max 95 Essential Trainer black /dark grey / black", "action_flag": 2, "change_message": "[{\"changed\": {\"fields\": [\"Name\", \"Description\", \"Has sizes\", \"Image url\", \"Image\"]}}]"}}, {"model": "admin.logentry", "pk": 32, "fields": {"action_time": "2024-12-06T21:05:52.198Z", "user": 1, "content_type": 14, "object_id": "4", "object_repr": "adidas Originals Handball Spezial", "action_flag": 2, "change_message": "[]"}}, {"model": "admin.logentry", "pk": 33, "fields": {"action_time": "2024-12-06T21:06:01.652Z", "user": 1, "content_type": 14, "object_id": "5", "object_repr": "adidas Originals Handball Spezial warm sandstone / preloved ink / gold metallic", "action_flag": 2, "change_message": "[{\"changed\": {\"fields\": [\"Has sizes\"]}}]"}}, {"model": "admin.logentry", "pk": 34, "fields": {"action_time": "2024-12-06T21:06:12.983Z", "user": 1, "content_type": 14, "object_id": "8", "object_repr": "adidas Originals Gazelle Trainer brown / pink / gum", "action_flag": 2, "change_message": "[{\"changed\": {\"fields\": [\"Has sizes\"]}}]"}}, {"model": "admin.logentry", "pk": 35, "fields": {"action_time": "2024-12-06T21:06:24.177Z", "user": 1, "content_type": 14, "object_id": "146", "object_repr": "adidas Originals Handball Spezial Trainer aluminium / beige / gum", "action_flag": 2, "change_message": "[{\"changed\": {\"fields\": [\"Has sizes\"]}}]"}}, {"model": "admin.logentry", "pk": 36, "fields": {"action_time": "2024-12-06T21:06:34.494Z", "user": 1, "content_type": 14, "object_id": "148", "object_repr": "Nike Air Max 95 Essential Trainer black /dark grey / black", "action_flag": 2, "change_message": "[]"}}, {"model": "admin.logentry", "pk": 37, "fields": {"action_time": "2024-12-06T21:12:56.885Z", "user": 1, "content_type": 13, "object_id": "7", "object_repr": "trainers", "action_flag": 2, "change_message": "[{\"changed\": {\"fields\": [\"Friendly name\"]}}]"}}, {"model": "admin.logentry", "pk": 38, "fields": {"action_time": "2024-12-06T21:14:57.769Z", "user": 1, "content_type": 13, "object_id": "7", "object_repr": "trainers", "action_flag": 2, "change_message": "[]"}}, {"model": "admin.logentry", "pk": 39, "fields": {"action_time": "2024-12-06T21:15:00.798Z", "user": 1, "content_type": 14, "object_id": "4", "object_repr": "adidas Originals Handball Spezial", "action_flag": 2, "change_message": "[]"}}, {"model": "admin.logentry", "pk": 40, "fields": {"action_time": "2024-12-06T21:16:02.512Z", "user": 1, "content_type": 13, "object_id": "7", "object_repr": "kitchen & dining", "action_flag": 2, "change_message": "[{\"changed\": {\"fields\": [\"Name\"]}}]"}}, {"model": "admin.logentry", "pk": 41, "fields": {"action_time": "2024-12-06T21:25:27.937Z", "user": 1, "content_type": 13, "object_id": "7", "object_repr": "kitchen_dining", "action_flag": 2, "change_message": "[{\"changed\": {\"fields\": [\"Name\", \"Friendly name\"]}}]"}}, {"model": "admin.logentry", "pk": 42, "fields": {"action_time": "2024-12-06T21:29:50.897Z", "user": 1, "content_type": 13, "object_id": "7", "object_repr": "trainers", "action_flag": 2, "change_message": "[{\"changed\": {\"fields\": [\"Name\", \"Friendly name\"]}}]"}}, {"model": "admin.logentry", "pk": 43, "fields": {"action_time": "2024-12-06T21:30:30.058Z", "user": 1, "content_type": 13, "object_id": "2", "object_repr": "shoes", "action_flag": 2, "change_message": "[{\"changed\": {\"fields\": [\"Name\", \"Friendly name\"]}}]"}}, {"model": "admin.logentry", "pk": 44, "fields": {"action_time": "2024-12-06T21:38:31.347Z", "user": 1, "content_type": 13, "object_id": "2", "object_repr": "shoes", "action_flag": 2, "change_message": "[]"}}, {"model": "admin.logentry", "pk": 45, "fields": {"action_time": "2024-12-06T21:39:14.155Z", "user": 1, "content_type": 14, "object_id": "3", "object_repr": "Royal Velvet Matte Satin Square 3-pc. Coverlet Set", "action_flag": 3, "change_message": ""}}, {"model": "admin.logentry", "pk": 46, "fields": {"action_time": "2024-12-06T21:39:14.161Z", "user": 1, "content_type": 14, "object_id": "9", "object_repr": "Protech Performance Sheet Set", "action_flag": 3, "change_message": ""}}, {"model": "admin.logentry", "pk": 47, "fields": {"action_time": "2024-12-06T21:39:14.169Z", "user": 1, "content_type": 14, "object_id": "18", "object_repr": "Marvel Comics Avengers Hulk Pillow Buddy", "action_flag": 3, "change_message": ""}}, {"model": "admin.logentry", "pk": 48, "fields": {"action_time": "2024-12-06T21:39:14.176Z", "user": 1, "content_type": 14, "object_id": "19", "object_repr": "Marvel Spiderman Pillow Buddy", "action_flag": 3, "change_message": ""}}, {"model": "admin.logentry", "pk": 49, "fields": {"action_time": "2024-12-06T21:39:14.183Z", "user": 1, "content_type": 14, "object_id": "24", "object_repr": "Royal Velvet Down Chamber Pillow", "action_flag": 3, "change_message": ""}}, {"model": "admin.logentry", "pk": 50, "fields": {"action_time": "2024-12-06T21:39:14.185Z", "user": 1, "content_type": 14, "object_id": "29", "object_repr": "Chenille Lines Bath Rug Collection", "action_flag": 3, "change_message": ""}}, {"model": "admin.logentry", "pk": 51, "fields": {"action_time": "2024-12-06T21:39:14.185Z", "user": 1, "content_type": 14, "object_id": "30", "object_repr": "Home Expressions Jacobean Stripe Oblong Decorative Pillow", "action_flag": 3, "change_message": ""}}, {"model": "admin.logentry", "pk": 52, "fields": {"action_time": "2024-12-06T21:39:14.204Z", "user": 1, "content_type": 14, "object_id": "33", "object_repr": "Liz Claiborne 300tc Liquid Cotton Set of 2 Pillowcases", "action_flag": 3, "change_message": ""}}, {"model": "admin.logentry", "pk": 53, "fields": {"action_time": "2024-12-06T21:39:14.204Z", "user": 1, "content_type": 14, "object_id": "37", "object_repr": "Royal Velvet Egyptian Cotton Solid Bath Towels", "action_flag": 3, "change_message": ""}}, {"model": "admin.logentry", "pk": 54, "fields": {"action_time": "2024-12-06T21:39:14.220Z", "user": 1, "content_type": 14, "object_id": "38", "object_repr": "Levinsohn Master Block All-In-One Mattress Protector", "action_flag": 3, "change_message": ""}}, {"model": "admin.logentry", "pk": 55, "fields": {"action_time": "2024-12-06T21:39:14.228Z", "user": 1, "content_type": 14, "object_id": "45", "object_repr": "JCPenney Home Ultra Soft Micro Fleece Blanket", "action_flag": 3, "change_message": ""}}, {"model": "admin.logentry", "pk": 56, "fields": {"action_time": "2024-12-06T21:39:14.236Z", "user": 1, "content_type": 14, "object_id": "46", "object_repr": "Cottonloft Natural Cotton Blanket", "action_flag": 3, "change_message": ""}}, {"model": "admin.logentry", "pk": 57, "fields": {"action_time": "2024-12-06T21:39:14.243Z", "user": 1, "content_type": 14, "object_id": "49", "object_repr": "Disney Cars McQueen Pillow Buddy", "action_flag": 3, "change_message": ""}}, {"model": "admin.logentry", "pk": 58, "fields": {"action_time": "2024-12-06T21:39:14.250Z", "user": 1, "content_type": 14, "object_id": "58", "object_repr": "Madison Park Essentials Concord Reversible Complete Bedding Set with Sheets", "action_flag": 3, "change_message": ""}}, {"model": "admin.logentry", "pk": 59, "fields": {"action_time": "2024-12-06T21:39:14.252Z", "user": 1, "content_type": 14, "object_id": "61", "object_repr": "Eva Longoria Home Solana 4-pc. Comforter Set", "action_flag": 3, "change_message": ""}}, {"model": "admin.logentry", "pk": 60, "fields": {"action_time": "2024-12-06T21:39:14.252Z", "user": 1, "content_type": 14, "object_id": "69", "object_repr": "Home Expressions Microfiber Twin XL Sheet Set", "action_flag": 3, "change_message": ""}}, {"model": "admin.logentry", "pk": 61, "fields": {"action_time": "2024-12-06T21:39:14.271Z", "user": 1, "content_type": 14, "object_id": "70", "object_repr": "Isotonic Iso-Cool Memory Foam Contour Pillow", "action_flag": 3, "change_message": ""}}, {"model": "admin.logentry", "pk": 62, "fields": {"action_time": "2024-12-06T21:40:36.030Z", "user": 1, "content_type": 14, "object_id": "86", "object_repr": "Roamers Tan Leather & Herringbone Tweed Brogue Boots", "action_flag": 2, "change_message": "[{\"changed\": {\"fields\": [\"Name\", \"Description\", \"Has sizes\", \"Price\", \"Image url\", \"Image\"]}}]"}}, {"model": "admin.logentry", "pk": 63, "fields": {"action_time": "2024-12-06T21:42:32.984Z", "user": 1, "content_type": 14, "object_id": "106", "object_repr": "Roamers Tan & Navy Suede Chunky Brogues", "action_flag": 2, "change_message": "[{\"changed\": {\"fields\": [\"Name\", \"Description\", \"Has sizes\", \"Price\", \"Image url\", \"Image\"]}}]"}}, {"model": "admin.logentry", "pk": 64, "fields": {"action_time": "2024-12-06T21:44:18.421Z", "user": 1, "content_type": 14, "object_id": "107", "object_repr": "Justin Reess Hi Kennedy Brown Tweed Boots", "action_flag": 2, "change_message": "[{\"changed\": {\"fields\": [\"Name\", \"Description\", \"Has sizes\", \"Price\", \"Image url\", \"Image\"]}}]"}}, {"model": "admin.logentry", "pk": 65, "fields": {"action_time": "2024-12-06T21:45:43.152Z", "user": 1, "content_type": 14, "object_id": "112", "object_repr": "Justin Reess Scott Brown Renaissance Brogues", "action_flag": 2, "change_message": "[{\"changed\": {\"fields\": [\"Name\", \"Description\", \"Has sizes\", \"Price\", \"Image url\", \"Image\"]}}]"}}, {"model": "admin.logentry", "pk": 66, "fields": {"action_time": "2024-12-06T21:47:12.110Z", "user": 1, "content_type": 14, "object_id": "136", "object_repr": "Amen Red & Navy Two Tone Brogues", "action_flag": 2, "change_message": "[{\"changed\": {\"fields\": [\"Name\", \"Description\", \"Has sizes\", \"Price\", \"Image url\", \"Image\"]}}]"}}, {"model": "admin.logentry", "pk": 67, "fields": {"action_time": "2024-12-06T21:48:07.230Z", "user": 1, "content_type": 14, "object_id": "107", "object_repr": "Justin Reess Hi Kennedy Brown Tweed Boots", "action_flag": 2, "change_message": "[{\"changed\": {\"fields\": [\"Image\"]}}]"}}, {"model": "admin.logentry", "pk": 68, "fields": {"action_time": "2024-12-06T22:05:18.412Z", "user": 1, "content_type": 13, "object_id": "1", "object_repr": "coats", "action_flag": 2, "change_message": "[{\"changed\": {\"fields\": [\"Name\", \"Friendly name\"]}}]"}}, {"model": "admin.logentry", "pk": 69, "fields": {"action_time": "2024-12-06T22:05:33.497Z", "user": 1, "content_type": 13, "object_id": "5", "object_repr": "jackets", "action_flag": 2, "change_message": "[{\"changed\": {\"fields\": [\"Name\", \"Friendly name\"]}}]"}}, {"model": "admin.logentry", "pk": 70, "fields": {"action_time": "2024-12-06T22:05:57.633Z", "user": 1, "content_type": 13, "object_id": "5", "object_repr": "jackets", "action_flag": 2, "change_message": "[]"}}, {"model": "admin.logentry", "pk": 71, "fields": {"action_time": "2024-12-06T22:06:24.190Z", "user": 1, "content_type": 14, "object_id": "12", "object_repr": "Nike 3-pk. Performance Crew Socks - Boys", "action_flag": 3, "change_message": ""}}, {"model": "admin.logentry", "pk": 72, "fields": {"action_time": "2024-12-06T22:06:24.198Z", "user": 1, "content_type": 14, "object_id": "48", "object_repr": "Jacques Mort 2-pk. Short-Sleeve Leotard - Girls", "action_flag": 3, "change_message": ""}}, {"model": "admin.logentry", "pk": 73, "fields": {"action_time": "2024-12-06T22:06:24.205Z", "user": 1, "content_type": 14, "object_id": "82", "object_repr": "Nike Therma-FIT Pullover Hoodie - Boys 8-20", "action_flag": 3, "change_message": ""}}, {"model": "admin.logentry", "pk": 74, "fields": {"action_time": "2024-12-06T22:06:24.213Z", "user": 1, "content_type": 14, "object_id": "89", "object_repr": "Made For Life Mesh Jacket - Plus", "action_flag": 3, "change_message": ""}}, {"model": "admin.logentry", "pk": 75, "fields": {"action_time": "2024-12-06T22:06:24.221Z", "user": 1, "content_type": 14, "object_id": "92", "object_repr": "Made For Life Long-Sleeve Flyaway Cardigan", "action_flag": 3, "change_message": ""}}, {"model": "admin.logentry", "pk": 76, "fields": {"action_time": "2024-12-06T22:06:24.231Z", "user": 1, "content_type": 14, "object_id": "105", "object_repr": "Made For Life Polar Fleece Vest", "action_flag": 3, "change_message": ""}}, {"model": "admin.logentry", "pk": 77, "fields": {"action_time": "2024-12-06T22:06:24.239Z", "user": 1, "content_type": 14, "object_id": "118", "object_repr": "Liz Claiborne Long-Sleeve V-Neck Striped Tunic", "action_flag": 3, "change_message": ""}}, {"model": "admin.logentry", "pk": 78, "fields": {"action_time": "2024-12-06T22:06:24.248Z", "user": 1, "content_type": 14, "object_id": "119", "object_repr": "Xersion Colorblock Yoga Shorts - Girls 7-16 and Plus", "action_flag": 3, "change_message": ""}}, {"model": "admin.logentry", "pk": 79, "fields": {"action_time": "2024-12-06T22:06:24.256Z", "user": 1, "content_type": 14, "object_id": "121", "object_repr": "Xersion Short-Sleeve V-Neck Graphic Tee - Girls 7-16 and Plus", "action_flag": 3, "change_message": ""}}, {"model": "admin.logentry", "pk": 80, "fields": {"action_time": "2024-12-06T22:06:24.263Z", "user": 1, "content_type": 14, "object_id": "139", "object_repr": "Champion Vapor Muscle Tank - Plus", "action_flag": 3, "change_message": ""}}, {"model": "admin.logentry", "pk": 81, "fields": {"action_time": "2024-12-06T22:07:05.841Z", "user": 1, "content_type": 14, "object_id": "14", "object_repr": "Stafford 4-pk. Blended Cotton A-Shirts", "action_flag": 3, "change_message": ""}}, {"model": "admin.logentry", "pk": 82, "fields": {"action_time": "2024-12-06T22:07:05.849Z", "user": 1, "content_type": 14, "object_id": "15", "object_repr": "Stafford 4-pk. Heavyweight Crewneck T-ShirtsBig & Tall", "action_flag": 3, "change_message": ""}}, {"model": "admin.logentry", "pk": 83, "fields": {"action_time": "2024-12-06T22:07:05.857Z", "user": 1, "content_type": 14, "object_id": "17", "object_repr": "Worthington Essential Short-Sleeve Tee - Plus", "action_flag": 3, "change_message": ""}}, {"model": "admin.logentry", "pk": 84, "fields": {"action_time": "2024-12-06T22:07:05.865Z", "user": 1, "content_type": 14, "object_id": "34", "object_repr": "Stafford Year-Round Pleated PantsBig & Tall", "action_flag": 3, "change_message": ""}}, {"model": "admin.logentry", "pk": 85, "fields": {"action_time": "2024-12-06T22:07:05.872Z", "user": 1, "content_type": 14, "object_id": "44", "object_repr": "The Foundry Supply Co. Quick-Dri PoloBig & Tall", "action_flag": 3, "change_message": ""}}, {"model": "admin.logentry", "pk": 86, "fields": {"action_time": "2024-12-06T22:07:05.879Z", "user": 1, "content_type": 14, "object_id": "51", "object_repr": "Stylus Short-Sleeve V-Neck Slub Tee - Plus", "action_flag": 3, "change_message": ""}}, {"model": "admin.logentry", "pk": 87, "fields": {"action_time": "2024-12-06T22:07:05.887Z", "user": 1, "content_type": 14, "object_id": "77", "object_repr": "Worthington 3/4-Sleeve Button-Front Oxford Shirt - Petite", "action_flag": 3, "change_message": ""}}, {"model": "admin.logentry", "pk": 88, "fields": {"action_time": "2024-12-06T22:07:05.894Z", "user": 1, "content_type": 14, "object_id": "99", "object_repr": "St. John's Bay Short-Sleeve Polo Shirt - Plus", "action_flag": 3, "change_message": ""}}, {"model": "admin.logentry", "pk": 89, "fields": {"action_time": "2024-12-06T22:07:05.901Z", "user": 1, "content_type": 14, "object_id": "122", "object_repr": "St. John's Bay Short-Sleeve V-Neck T-Shirt", "action_flag": 3, "change_message": ""}}, {"model": "admin.logentry", "pk": 90, "fields": {"action_time": "2024-12-06T22:07:05.908Z", "user": 1, "content_type": 14, "object_id": "123", "object_repr": "Alfred Dunner Denim Capris", "action_flag": 3, "change_message": ""}}, {"model": "admin.logentry", "pk": 91, "fields": {"action_time": "2024-12-06T22:07:05.915Z", "user": 1, "content_type": 14, "object_id": "124", "object_repr": "Worthington Short-Sleeve Scoopneck T-Shirt - Tall", "action_flag": 3, "change_message": ""}}, {"model": "admin.logentry", "pk": 92, "fields": {"action_time": "2024-12-06T22:07:05.923Z", "user": 1, "content_type": 14, "object_id": "130", "object_repr": "Arizona Racerback Tank - Juniors Plus", "action_flag": 3, "change_message": ""}}, {"model": "admin.logentry", "pk": 93, "fields": {"action_time": "2024-12-06T22:07:05.930Z", "user": 1, "content_type": 14, "object_id": "131", "object_repr": "St. John's Bay Long-Sleeve Camp Shirt", "action_flag": 3, "change_message": ""}}, {"model": "admin.logentry", "pk": 94, "fields": {"action_time": "2024-12-06T22:07:05.937Z", "user": 1, "content_type": 14, "object_id": "138", "object_repr": "Worthington 3/4-Sleeve Open-Front Cardigan Sweater", "action_flag": 3, "change_message": ""}}, {"model": "admin.logentry", "pk": 95, "fields": {"action_time": "2024-12-06T22:07:05.945Z", "user": 1, "content_type": 14, "object_id": "153", "object_repr": "Made For Life Short-Sleeve Print V-Neck Mesh T-Shirt - Tall", "action_flag": 3, "change_message": ""}}, {"model": "admin.logentry", "pk": 96, "fields": {"action_time": "2024-12-06T22:10:46.807Z", "user": 1, "content_type": 14, "object_id": "142", "object_repr": "Consort RWR Jacket", "action_flag": 2, "change_message": "[{\"changed\": {\"fields\": [\"Name\", \"Description\", \"Price\", \"Image url\", \"Image\"]}}]"}}, {"model": "admin.logentry", "pk": 97, "fields": {"action_time": "2024-12-06T22:13:23.180Z", "user": 1, "content_type": 14, "object_id": "151", "object_repr": "Mav Extreme Jacket", "action_flag": 2, "change_message": "[{\"changed\": {\"fields\": [\"Name\", \"Description\", \"Price\", \"Image url\", \"Image\"]}}]"}}, {"model": "admin.logentry", "pk": 98, "fields": {"action_time": "2024-12-06T22:16:08.556Z", "user": 1, "content_type": 14, "object_id": "154", "object_repr": "Infinite Mav Lite Jacket", "action_flag": 2, "change_message": "[{\"changed\": {\"fields\": [\"Name\", \"Description\", \"Price\", \"Rating\", \"Image url\", \"Image\"]}}]"}}, {"model": "admin.logentry", "pk": 99, "fields": {"action_time": "2024-12-06T22:20:05.613Z", "user": 1, "content_type": 14, "object_id": "155", "object_repr": "Viking Smock", "action_flag": 2, "change_message": "[{\"changed\": {\"fields\": [\"Name\", \"Description\", \"Price\", \"Image url\", \"Image\"]}}]"}}, {"model": "admin.logentry", "pk": 100, "fields": {"action_time": "2024-12-06T22:36:27.401Z", "user": 1, "content_type": 14, "object_id": "1", "object_repr": "Arizona Original Bootcut Jeans", "action_flag": 3, "change_message": ""}}, {"model": "admin.logentry", "pk": 101, "fields": {"action_time": "2024-12-06T22:36:27.409Z", "user": 1, "content_type": 14, "object_id": "16", "object_repr": "Levi's 529 Curvy Bootcut Jeans", "action_flag": 3, "change_message": ""}}, {"model": "admin.logentry", "pk": 102, "fields": {"action_time": "2024-12-06T22:36:27.417Z", "user": 1, "content_type": 14, "object_id": "35", "object_repr": "Arizona Super-Skinny Jeans", "action_flag": 3, "change_message": ""}}, {"model": "admin.logentry", "pk": 103, "fields": {"action_time": "2024-12-06T22:36:27.425Z", "user": 1, "content_type": 14, "object_id": "56", "object_repr": "Stylus Slim Straight-Leg Jeans - Plus", "action_flag": 3, "change_message": ""}}, {"model": "admin.logentry", "pk": 104, "fields": {"action_time": "2024-12-06T22:36:27.427Z", "user": 1, "content_type": 14, "object_id": "68", "object_repr": "Arizona Bootcut Jeans", "action_flag": 3, "change_message": ""}}, {"model": "admin.logentry", "pk": 105, "fields": {"action_time": "2024-12-06T22:36:27.427Z", "user": 1, "content_type": 14, "object_id": "72", "object_repr": "Love Indigo Wing Back Flap Pocket Jeans", "action_flag": 3, "change_message": ""}}, {"model": "admin.logentry", "pk": 106, "fields": {"action_time": "2024-12-06T22:36:27.446Z", "user": 1, "content_type": 14, "object_id": "73", "object_repr": "Love Indigo Embroidered Back Pocket Jeans", "action_flag": 3, "change_message": ""}}, {"model": "admin.logentry", "pk": 107, "fields": {"action_time": "2024-12-06T22:36:27.446Z", "user": 1, "content_type": 14, "object_id": "74", "object_repr": "Love Indigo Cross Back Flap Pocket Jeans", "action_flag": 3, "change_message": ""}}, {"model": "admin.logentry", "pk": 108, "fields": {"action_time": "2024-12-06T22:36:27.464Z", "user": 1, "content_type": 14, "object_id": "75", "object_repr": "Arizona Ankle-Zip Jeggings", "action_flag": 3, "change_message": ""}}, {"model": "admin.logentry", "pk": 109, "fields": {"action_time": "2024-12-06T22:36:27.472Z", "user": 1, "content_type": 14, "object_id": "76", "object_repr": "Vanilla Star Embellished Skinny Jeans - Girls 7-16 and Plus", "action_flag": 3, "change_message": ""}}, {"model": "admin.logentry", "pk": 110, "fields": {"action_time": "2024-12-06T22:36:27.480Z", "user": 1, "content_type": 14, "object_id": "78", "object_repr": "a.n.a Skinny Jeans", "action_flag": 3, "change_message": ""}}, {"model": "admin.logentry", "pk": 111, "fields": {"action_time": "2024-12-06T22:36:27.487Z", "user": 1, "content_type": 14, "object_id": "79", "object_repr": "a.n.a Bootcut Jeans", "action_flag": 3, "change_message": ""}}, {"model": "admin.logentry", "pk": 112, "fields": {"action_time": "2024-12-06T22:36:27.493Z", "user": 1, "content_type": 14, "object_id": "81", "object_repr": "a.n.a Jeggings - Plus", "action_flag": 3, "change_message": ""}}, {"model": "admin.logentry", "pk": 113, "fields": {"action_time": "2024-12-06T22:36:27.505Z", "user": 1, "content_type": 14, "object_id": "104", "object_repr": "Gloria Vanderbilt Amanda Jeans - Plus", "action_flag": 3, "change_message": ""}}, {"model": "admin.logentry", "pk": 114, "fields": {"action_time": "2024-12-06T22:36:27.513Z", "user": 1, "content_type": 14, "object_id": "125", "object_repr": "Stylus Flare Jeans", "action_flag": 3, "change_message": ""}}, {"model": "admin.logentry", "pk": 115, "fields": {"action_time": "2024-12-06T22:36:27.520Z", "user": 1, "content_type": 14, "object_id": "127", "object_repr": "Levi's 527 Bootcut Jeans - Boys 8-20, Slim and Husky", "action_flag": 3, "change_message": ""}}, {"model": "admin.logentry", "pk": 116, "fields": {"action_time": "2024-12-06T22:41:22.546Z", "user": 1, "content_type": 14, "object_id": "134", "object_repr": "HUGO BOSS BOSS Regular-Fit Jeans, Bright Blue", "action_flag": 2, "change_message": "[{\"changed\": {\"fields\": [\"Name\", \"Description\", \"Price\", \"Rating\", \"Image url\", \"Image\"]}}]"}}, {"model": "admin.logentry", "pk": 117, "fields": {"action_time": "2024-12-06T22:44:35.857Z", "user": 1, "content_type": 14, "object_id": "143", "object_repr": "Levi's 512 Slim Tapered Jeans", "action_flag": 2, "change_message": "[{\"changed\": {\"fields\": [\"Name\", \"Description\", \"Price\", \"Rating\", \"Image url\", \"Image\"]}}]"}}, {"model": "admin.logentry", "pk": 118, "fields": {"action_time": "2024-12-06T22:48:22.944Z", "user": 1, "content_type": 14, "object_id": "144", "object_repr": "GANT Regular Gant Jeans", "action_flag": 2, "change_message": "[{\"changed\": {\"fields\": [\"Name\", \"Description\", \"Price\", \"Image url\", \"Image\"]}}]"}}, {"model": "admin.logentry", "pk": 119, "fields": {"action_time": "2024-12-06T22:51:38.795Z", "user": 1, "content_type": 14, "object_id": "157", "object_repr": "Lee Carpenter Jeans, Ecru", "action_flag": 2, "change_message": "[{\"changed\": {\"fields\": [\"Name\", \"Description\", \"Price\", \"Rating\", \"Image url\", \"Image\"]}}]"}}, {"model": "admin.logentry", "pk": 120, "fields": {"action_time": "2024-12-06T22:54:12.757Z", "user": 1, "content_type": 14, "object_id": "31", "object_repr": "Armitron Now Womens Crystal-Accent White Leather Strap Watch", "action_flag": 3, "change_message": ""}}, {"model": "admin.logentry", "pk": 121, "fields": {"action_time": "2024-12-06T22:54:12.767Z", "user": 1, "content_type": 14, "object_id": "39", "object_repr": "Home Expressions Microfiber Twin XL Sheet Set", "action_flag": 3, "change_message": ""}}, {"model": "admin.logentry", "pk": 122, "fields": {"action_time": "2024-12-06T22:54:12.774Z", "user": 1, "content_type": 14, "object_id": "53", "object_repr": "Claiborne Short-Sleeve Woven Shirt", "action_flag": 3, "change_message": ""}}, {"model": "admin.logentry", "pk": 123, "fields": {"action_time": "2024-12-06T22:54:12.783Z", "user": 1, "content_type": 14, "object_id": "57", "object_repr": "Worthington Sateen Cropped Pants - Petite", "action_flag": 3, "change_message": ""}}, {"model": "admin.logentry", "pk": 124, "fields": {"action_time": "2024-12-06T22:54:12.790Z", "user": 1, "content_type": 14, "object_id": "62", "object_repr": "Carter's 4-pc. Take Me Home Set - Baby Boys preemie-6m", "action_flag": 3, "change_message": ""}}, {"model": "admin.logentry", "pk": 125, "fields": {"action_time": "2024-12-06T22:54:12.798Z", "user": 1, "content_type": 14, "object_id": "64", "object_repr": "Arizona Graphic Tee - Boys 8-20 and Husky", "action_flag": 3, "change_message": ""}}, {"model": "admin.logentry", "pk": 126, "fields": {"action_time": "2024-12-06T22:54:12.805Z", "user": 1, "content_type": 14, "object_id": "65", "object_repr": "Armitron Now Womens Crystal-Accent White Leather Strap Watch", "action_flag": 3, "change_message": ""}}, {"model": "admin.logentry", "pk": 127, "fields": {"action_time": "2024-12-06T22:54:12.812Z", "user": 1, "content_type": 14, "object_id": "66", "object_repr": "Nike Air Sickness Graphic Tee", "action_flag": 3, "change_message": ""}}, {"model": "admin.logentry", "pk": 128, "fields": {"action_time": "2024-12-06T22:54:12.819Z", "user": 1, "content_type": 14, "object_id": "80", "object_repr": "Levi's Houlihan Short-Sleeve Logo Tee", "action_flag": 3, "change_message": ""}}, {"model": "admin.logentry", "pk": 129, "fields": {"action_time": "2024-12-06T22:54:12.826Z", "user": 1, "content_type": 14, "object_id": "83", "object_repr": "Disney Collection Frozen Elsa Graphic Tee - Girls 2-12", "action_flag": 3, "change_message": ""}}, {"model": "admin.logentry", "pk": 130, "fields": {"action_time": "2024-12-06T22:54:12.833Z", "user": 1, "content_type": 14, "object_id": "85", "object_repr": "Sunbeam Comfy Toes Microplush Heated Throw", "action_flag": 3, "change_message": ""}}, {"model": "admin.logentry", "pk": 131, "fields": {"action_time": "2024-12-06T22:54:12.839Z", "user": 1, "content_type": 14, "object_id": "90", "object_repr": "Stafford Travel Brown Check Suit Jacket - Classic Fit", "action_flag": 3, "change_message": ""}}, {"model": "admin.logentry", "pk": 132, "fields": {"action_time": "2024-12-06T22:54:12.848Z", "user": 1, "content_type": 14, "object_id": "93", "object_repr": "Stafford Flannel Pajama Set - Big & Tall", "action_flag": 3, "change_message": ""}}, {"model": "admin.logentry", "pk": 133, "fields": {"action_time": "2024-12-06T22:54:12.855Z", "user": 1, "content_type": 14, "object_id": "95", "object_repr": "Vieste Green Stone Statement Necklace", "action_flag": 3, "change_message": ""}}, {"model": "admin.logentry", "pk": 134, "fields": {"action_time": "2024-12-06T22:54:12.862Z", "user": 1, "content_type": 14, "object_id": "96", "object_repr": "Bonnie Jean Plaid Dress and Cardigan - Girls Plus", "action_flag": 3, "change_message": ""}}, {"model": "admin.logentry", "pk": 135, "fields": {"action_time": "2024-12-06T22:54:12.870Z", "user": 1, "content_type": 14, "object_id": "97", "object_repr": "Arizona Quilted Sweatshirt - Toddler Girls 2t-5t", "action_flag": 3, "change_message": ""}}, {"model": "admin.logentry", "pk": 136, "fields": {"action_time": "2024-12-06T22:54:12.876Z", "user": 1, "content_type": 14, "object_id": "102", "object_repr": "a.n.a Long-Sleeve Colorblock Sweater", "action_flag": 3, "change_message": ""}}, {"model": "admin.logentry", "pk": 137, "fields": {"action_time": "2024-12-06T22:54:12.884Z", "user": 1, "content_type": 14, "object_id": "103", "object_repr": "Stafford Travel Short-Sleeve Easy-Care Broadcloth Dress Shirt - Big & Tall", "action_flag": 3, "change_message": ""}}, {"model": "admin.logentry", "pk": 138, "fields": {"action_time": "2024-12-06T22:54:12.891Z", "user": 1, "content_type": 14, "object_id": "7", "object_repr": "Liz Claiborne Classic Sophie Secretly Slender Trouser Leg Pants - Plus", "action_flag": 3, "change_message": ""}}, {"model": "admin.logentry", "pk": 139, "fields": {"action_time": "2024-12-06T22:54:12.898Z", "user": 1, "content_type": 14, "object_id": "22", "object_repr": "Silver Superman Shield Cufflinks", "action_flag": 3, "change_message": ""}}, {"model": "admin.logentry", "pk": 140, "fields": {"action_time": "2024-12-06T22:54:12.906Z", "user": 1, "content_type": 14, "object_id": "28", "object_repr": "Hanes 3pk. Cotton Crewneck TShirts  Big & Tall", "action_flag": 3, "change_message": ""}}, {"model": "admin.logentry", "pk": 141, "fields": {"action_time": "2024-12-06T22:54:12.914Z", "user": 1, "content_type": 14, "object_id": "36", "object_repr": "Nike 3-pk. Dri-FIT Fly Rise Crew Socks", "action_flag": 3, "change_message": ""}}, {"model": "admin.logentry", "pk": 142, "fields": {"action_time": "2024-12-06T22:54:12.921Z", "user": 1, "content_type": 14, "object_id": "55", "object_repr": "adidas climacool Boxer Briefs", "action_flag": 3, "change_message": ""}}, {"model": "admin.logentry", "pk": 143, "fields": {"action_time": "2024-12-06T22:54:12.928Z", "user": 1, "content_type": 14, "object_id": "60", "object_repr": "Wrangler Reserve Authentic Relaxed-Fit Jeans-Big & Tall", "action_flag": 3, "change_message": ""}}, {"model": "admin.logentry", "pk": 144, "fields": {"action_time": "2024-12-06T22:54:12.936Z", "user": 1, "content_type": 14, "object_id": "87", "object_repr": "Xersion Quick-Dri Performance Bootcut Pant - Short", "action_flag": 3, "change_message": ""}}, {"model": "admin.logentry", "pk": 145, "fields": {"action_time": "2024-12-06T22:54:12.943Z", "user": 1, "content_type": 14, "object_id": "100", "object_repr": "Stylus Crossover Ankle Pants", "action_flag": 3, "change_message": ""}}, {"model": "admin.logentry", "pk": 146, "fields": {"action_time": "2024-12-06T22:54:12.950Z", "user": 1, "content_type": 14, "object_id": "108", "object_repr": "Jamaica Bay Printed Micro Volley Swim Trunks", "action_flag": 3, "change_message": ""}}, {"model": "admin.logentry", "pk": 147, "fields": {"action_time": "2024-12-06T22:54:12.957Z", "user": 1, "content_type": 14, "object_id": "115", "object_repr": "Liz Claiborne City-Fit Skinny Jeans - Plus", "action_flag": 3, "change_message": ""}}, {"model": "admin.logentry", "pk": 148, "fields": {"action_time": "2024-12-06T22:54:12.980Z", "user": 1, "content_type": 14, "object_id": "116", "object_repr": "Nike Dri-FIT Base Layer Tights", "action_flag": 3, "change_message": ""}}, {"model": "admin.logentry", "pk": 149, "fields": {"action_time": "2024-12-06T22:54:12.987Z", "user": 1, "content_type": 14, "object_id": "132", "object_repr": "Alfred Dunner Essential Pull On Capri Pant", "action_flag": 3, "change_message": ""}}, {"model": "admin.logentry", "pk": 150, "fields": {"action_time": "2024-12-06T22:54:12.995Z", "user": 1, "content_type": 14, "object_id": "135", "object_repr": "a.n.a Roll-Cuff Skinny Ankle Jeans", "action_flag": 3, "change_message": ""}}, {"model": "admin.logentry", "pk": 151, "fields": {"action_time": "2024-12-06T22:54:13.002Z", "user": 1, "content_type": 14, "object_id": "147", "object_repr": "Island Shores Short-Sleeve Printed Camp Shirt", "action_flag": 3, "change_message": ""}}, {"model": "admin.logentry", "pk": 152, "fields": {"action_time": "2024-12-06T22:54:13.009Z", "user": 1, "content_type": 14, "object_id": "71", "object_repr": "totes Tracey Womens Cold-Weather Boots", "action_flag": 3, "change_message": ""}}, {"model": "admin.logentry", "pk": 153, "fields": {"action_time": "2024-12-06T22:54:13.016Z", "user": 1, "content_type": 14, "object_id": "88", "object_repr": "Lugz Empire Hi Mens Water-Resistant Hiking Boots", "action_flag": 3, "change_message": ""}}, {"model": "admin.logentry", "pk": 154, "fields": {"action_time": "2024-12-06T22:54:13.024Z", "user": 1, "content_type": 14, "object_id": "117", "object_repr": "Clarks Lexi Alloy Slide Strap Sandals", "action_flag": 3, "change_message": ""}}, {"model": "admin.logentry", "pk": 155, "fields": {"action_time": "2024-12-06T22:54:13.031Z", "user": 1, "content_type": 14, "object_id": "128", "object_repr": "Mixit Whitney Leggings - Tall", "action_flag": 3, "change_message": ""}}, {"model": "admin.logentry", "pk": 156, "fields": {"action_time": "2024-12-06T22:54:13.038Z", "user": 1, "content_type": 14, "object_id": "129", "object_repr": "Mixit Side Flower Jelly Strap Sandals", "action_flag": 3, "change_message": ""}}, {"model": "admin.logentry", "pk": 157, "fields": {"action_time": "2024-12-06T22:54:13.046Z", "user": 1, "content_type": 14, "object_id": "137", "object_repr": "Disney Minnie Mouse Girls Athletic Shoes - Toddler", "action_flag": 3, "change_message": ""}}, {"model": "admin.logentry", "pk": 158, "fields": {"action_time": "2024-12-06T22:54:13.053Z", "user": 1, "content_type": 14, "object_id": "158", "object_repr": "Worthington Embroidered Tank Top - Tall", "action_flag": 3, "change_message": ""}}, {"model": "admin.logentry", "pk": 159, "fields": {"action_time": "2024-12-06T22:54:13.060Z", "user": 1, "content_type": 14, "object_id": "159", "object_repr": "Made for Life Mesh Shorts - Tall", "action_flag": 3, "change_message": ""}}, {"model": "admin.logentry", "pk": 160, "fields": {"action_time": "2024-12-06T22:54:13.067Z", "user": 1, "content_type": 14, "object_id": "161", "object_repr": "Arizona Poplin Cargo Shorts - Boys 8-20", "action_flag": 3, "change_message": ""}}, {"model": "admin.logentry", "pk": 161, "fields": {"action_time": "2024-12-06T22:54:13.074Z", "user": 1, "content_type": 14, "object_id": "162", "object_repr": "a.n.a Sleeveless Cinched Waist Knit Jumpsuit", "action_flag": 3, "change_message": ""}}, {"model": "admin.logentry", "pk": 162, "fields": {"action_time": "2024-12-06T22:54:13.081Z", "user": 1, "content_type": 14, "object_id": "163", "object_repr": "i jeans by Buffalo Lace Midi Skirt", "action_flag": 3, "change_message": ""}}, {"model": "admin.logentry", "pk": 163, "fields": {"action_time": "2024-12-06T22:54:13.088Z", "user": 1, "content_type": 14, "object_id": "164", "object_repr": "Liz Claiborne Roll-Cuff Cargo Shorts", "action_flag": 3, "change_message": ""}}, {"model": "admin.logentry", "pk": 164, "fields": {"action_time": "2024-12-06T22:54:13.095Z", "user": 1, "content_type": 14, "object_id": "165", "object_repr": "Worthington Mixed Media Open Back Blouse - Plus", "action_flag": 3, "change_message": ""}}, {"model": "admin.logentry", "pk": 165, "fields": {"action_time": "2024-12-06T22:54:13.103Z", "user": 1, "content_type": 14, "object_id": "166", "object_repr": "Steve Harvey Linen Blend Vest - Big & Tall", "action_flag": 3, "change_message": ""}}, {"model": "admin.logentry", "pk": 166, "fields": {"action_time": "2024-12-06T22:54:13.110Z", "user": 1, "content_type": 14, "object_id": "167", "object_repr": "Studio 1 Sleeveless Embellished-Neck Handkerchief Dress - Plus", "action_flag": 3, "change_message": ""}}, {"model": "admin.logentry", "pk": 167, "fields": {"action_time": "2024-12-06T22:54:13.118Z", "user": 1, "content_type": 14, "object_id": "169", "object_repr": "MaryJane's Home Cotton Clouds Square Decorative Pillow", "action_flag": 3, "change_message": ""}}, {"model": "admin.logentry", "pk": 168, "fields": {"action_time": "2024-12-06T22:54:13.125Z", "user": 1, "content_type": 14, "object_id": "170", "object_repr": "City Triangles Sleeveless Lace Top Printed Short Belted Romper", "action_flag": 3, "change_message": ""}}, {"model": "admin.logentry", "pk": 169, "fields": {"action_time": "2024-12-08T21:30:46.357Z", "user": 1, "content_type": 7, "object_id": "1", "object_repr": "aphroditeclothingexample.com", "action_flag": 2, "change_message": "[{\"changed\": {\"fields\": [\"Domain name\", \"Display name\"]}}]"}}, {"model": "admin.logentry", "pk": 170, "fields": {"action_time": "2024-12-08T21:31:55.430Z", "user": 1, "content_type": 13, "object_id": "9", "object_repr": "polo shirts", "action_flag": 2, "change_message": "[{\"changed\": {\"fields\": [\"Name\", \"Friendly name\"]}}]"}}, {"model": "admin.logentry", "pk": 171, "fields": {"action_time": "2024-12-12T20:59:34.544Z", "user": 1, "content_type": 14, "object_id": "6", "object_repr": "Boss Paddy 10241663 01", "action_flag": 2, "change_message": "[{\"changed\": {\"fields\": [\"Name\", \"Description\", \"Image url\", \"Image\"]}}]"}}, {"model": "admin.logentry", "pk": 172, "fields": {"action_time": "2024-12-12T21:00:06.115Z", "user": 1, "content_type": 14, "object_id": "6", "object_repr": "Boss Paddy 10241663 01", "action_flag": 2, "change_message": "[{\"changed\": {\"fields\": [\"Description\"]}}]"}}, {"model": "admin.logentry", "pk": 173, "fields": {"action_time": "2024-12-12T21:00:49.291Z", "user": 1, "content_type": 14, "object_id": "32", "object_repr": "Nike NA Swoosh Dri-FIT Cotton Tee", "action_flag": 3, "change_message": ""}}, {"model": "admin.logentry", "pk": 174, "fields": {"action_time": "2024-12-12T21:00:49.298Z", "user": 1, "content_type": 14, "object_id": "50", "object_repr": "Dockers Long-Sleeve No-Wrinkle Woven Shirt", "action_flag": 3, "change_message": ""}}, {"model": "admin.logentry", "pk": 175, "fields": {"action_time": "2024-12-12T21:00:49.307Z", "user": 1, "content_type": 14, "object_id": "54", "object_repr": "adidas Adilogo Shock Energy Tee", "action_flag": 3, "change_message": ""}}, {"model": "admin.logentry", "pk": 176, "fields": {"action_time": "2024-12-12T21:00:49.314Z", "user": 1, "content_type": 14, "object_id": "67", "object_repr": "Claiborne Long-Sleeve Linen Shirt", "action_flag": 3, "change_message": ""}}, {"model": "admin.logentry", "pk": 177, "fields": {"action_time": "2024-12-12T21:00:49.321Z", "user": 1, "content_type": 14, "object_id": "84", "object_repr": "Dickies Short-Sleeve Performance Polo", "action_flag": 3, "change_message": ""}}, {"model": "admin.logentry", "pk": 178, "fields": {"action_time": "2024-12-12T21:00:49.323Z", "user": 1, "content_type": 14, "object_id": "91", "object_repr": "Arizona Raglan-Sleeve Thermal Pullover", "action_flag": 3, "change_message": ""}}, {"model": "admin.logentry", "pk": 179, "fields": {"action_time": "2024-12-12T21:00:49.323Z", "user": 1, "content_type": 14, "object_id": "94", "object_repr": "Arizona Flannel Shirt - Preschool Boys 4-7", "action_flag": 3, "change_message": ""}}, {"model": "admin.logentry", "pk": 180, "fields": {"action_time": "2024-12-12T21:00:49.342Z", "user": 1, "content_type": 14, "object_id": "101", "object_repr": "Stafford Non-Iron Cotton Oxford Dress Shirt - Big & Tall", "action_flag": 3, "change_message": ""}}, {"model": "admin.logentry", "pk": 181, "fields": {"action_time": "2024-12-12T21:00:49.342Z", "user": 1, "content_type": 14, "object_id": "111", "object_repr": "Bob Marely 1976 T-Shirt", "action_flag": 3, "change_message": ""}}, {"model": "admin.logentry", "pk": 182, "fields": {"action_time": "2024-12-12T21:00:49.359Z", "user": 1, "content_type": 14, "object_id": "113", "object_repr": "Arizona Raglan T-Shirt", "action_flag": 3, "change_message": ""}}, {"model": "admin.logentry", "pk": 183, "fields": {"action_time": "2024-12-12T21:00:49.366Z", "user": 1, "content_type": 14, "object_id": "114", "object_repr": "Arizona Pocket T-Shirt", "action_flag": 3, "change_message": ""}}, {"model": "admin.logentry", "pk": 184, "fields": {"action_time": "2024-12-12T21:00:49.374Z", "user": 1, "content_type": 14, "object_id": "120", "object_repr": "Vans Zone Bluts Short-Sleeve T-Shirt", "action_flag": 3, "change_message": ""}}, {"model": "admin.logentry", "pk": 185, "fields": {"action_time": "2024-12-12T21:00:49.382Z", "user": 1, "content_type": 14, "object_id": "150", "object_repr": "Carter's Short-Sleeve Shark Tee - Preschool Boys 4-7", "action_flag": 3, "change_message": ""}}, {"model": "admin.logentry", "pk": 186, "fields": {"action_time": "2024-12-12T21:00:49.389Z", "user": 1, "content_type": 14, "object_id": "156", "object_repr": "Graham & Co. Dress Shirt, Tie and Pre-Tied Bow Tie", "action_flag": 3, "change_message": ""}}, {"model": "admin.logentry", "pk": 187, "fields": {"action_time": "2024-12-12T21:04:21.595Z", "user": 1, "content_type": 14, "object_id": "11", "object_repr": "Barbour Pique Polo T Shirt Green", "action_flag": 2, "change_message": "[{\"changed\": {\"fields\": [\"Name\", \"Description\", \"Price\", \"Image url\", \"Image\"]}}]"}}, {"model": "admin.logentry", "pk": 188, "fields": {"action_time": "2024-12-12T21:06:40.913Z", "user": 1, "content_type": 14, "object_id": "13", "object_repr": "Gant Regular Shield Pique Polo T Shirt Blue", "action_flag": 2, "change_message": "[{\"changed\": {\"fields\": [\"Name\", \"Description\", \"Price\", \"Image url\", \"Image\"]}}]"}}, {"model": "admin.logentry", "pk": 189, "fields": {"action_time": "2024-12-12T21:18:42.001Z", "user": 1, "content_type": 14, "object_id": "23", "object_repr": "Gant Shield Pique Polo T Shirt Blue", "action_flag": 2, "change_message": "[{\"changed\": {\"fields\": [\"Name\", \"Description\", \"Price\", \"Image url\", \"Image\"]}}]"}}, {"model": "admin.logentry", "pk": 190, "fields": {"action_time": "2024-12-12T21:21:32.131Z", "user": 1, "content_type": 14, "object_id": "25", "object_repr": "Lacoste Regular Fit Polo T Shirt Green", "action_flag": 2, "change_message": "[{\"changed\": {\"fields\": [\"Name\", \"Description\", \"Price\", \"Image url\", \"Image\"]}}]"}}, {"model": "admin.logentry", "pk": 191, "fields": {"action_time": "2024-12-12T21:24:30.017Z", "user": 1, "content_type": 14, "object_id": "171", "object_repr": "Ralph Lauren El Cap Jacket Black", "action_flag": 2, "change_message": "[{\"changed\": {\"fields\": [\"Name\", \"Description\", \"Price\", \"Image url\", \"Image\"]}}]"}}, {"model": "admin.logentry", "pk": 192, "fields": {"action_time": "2024-12-12T21:25:45.186Z", "user": 1, "content_type": 14, "object_id": "149", "object_repr": "Stylus Linen Crop Pants", "action_flag": 3, "change_message": ""}}, {"model": "admin.logentry", "pk": 193, "fields": {"action_time": "2024-12-12T21:25:45.209Z", "user": 1, "content_type": 14, "object_id": "152", "object_repr": "Arizona Raw-Edge Denim Bermuda Shorts - Juniors Plus", "action_flag": 3, "change_message": ""}}, {"model": "admin.logentry", "pk": 194, "fields": {"action_time": "2024-12-12T21:25:45.225Z", "user": 1, "content_type": 14, "object_id": "109", "object_repr": "Arizona Raglan Henley Tee - Boys 8-20", "action_flag": 3, "change_message": ""}}, {"model": "admin.logentry", "pk": 195, "fields": {"action_time": "2024-12-12T21:25:45.233Z", "user": 1, "content_type": 14, "object_id": "110", "object_repr": "Brooklyn Xpress Fleece Jogger Pants", "action_flag": 3, "change_message": ""}}, {"model": "admin.logentry", "pk": 196, "fields": {"action_time": "2024-12-12T21:28:47.795Z", "user": 1, "content_type": 14, "object_id": "173", "object_repr": "BOSS Hooded Tracksuit Navy", "action_flag": 2, "change_message": "[{\"changed\": {\"fields\": [\"Name\", \"Description\", \"Price\", \"Image url\", \"Image\"]}}]"}}, {"model": "admin.logentry", "pk": 197, "fields": {"action_time": "2024-12-13T16:02:33.320Z", "user": 1, "content_type": 14, "object_id": "160", "object_repr": "Classic Half Zip Knit Jumper", "action_flag": 2, "change_message": "[{\"changed\": {\"fields\": [\"Name\", \"Description\", \"Price\", \"Image url\", \"Image\"]}}]"}}, {"model": "admin.logentry", "pk": 198, "fields": {"action_time": "2024-12-13T16:05:36.066Z", "user": 1, "content_type": 14, "object_id": "2", "object_repr": "Crew Classic T-Shirt", "action_flag": 2, "change_message": "[{\"changed\": {\"fields\": [\"Name\", \"Description\", \"Price\", \"Image url\", \"Image\"]}}]"}}, {"model": "admin.logentry", "pk": 199, "fields": {"action_time": "2024-12-13T16:09:57.360Z", "user": 1, "content_type": 14, "object_id": "168", "object_repr": "BOSS 3 Pack Crew Neck T Shirts", "action_flag": 2, "change_message": "[{\"changed\": {\"fields\": [\"Name\", \"Description\", \"Price\", \"Rating\", \"Image url\", \"Image\"]}}]"}}, {"model": "admin.logentry", "pk": 200, "fields": {"action_time": "2024-12-13T16:12:36.719Z", "user": 1, "content_type": 14, "object_id": "126", "object_repr": "Farah Vintage Revero 3 Pack Boxer Shorts", "action_flag": 2, "change_message": "[{\"changed\": {\"fields\": [\"Name\", \"Description\", \"Price\", \"Rating\", \"Image url\", \"Image\"]}}]"}}, {"model": "admin.logentry", "pk": 201, "fields": {"action_time": "2024-12-13T16:15:05.939Z", "user": 1, "content_type": 14, "object_id": "133", "object_repr": "Ralph Lauren Lightweight Oxford Shirt Blue", "action_flag": 2, "change_message": "[{\"changed\": {\"fields\": [\"Name\", \"Description\", \"Price\", \"Image url\", \"Image\"]}}]"}}, {"model": "auth.user", "pk": 1, "fields": {"password": "pbkdf2_sha256$600000$Q10VWa13fJA8R823vtv8W0$dreiRE3h8WkaLHvZ9YyJp7PjwQb7eOMMfIZ5lmEvnJw=", "last_login": "2025-01-14T16:08:38.188Z", "is_superuser": true, "username": "brianjmc", "first_name": "", "last_name": "", "email": "brianmcananey49@googlemail.com", "is_staff": true, "is_active": true, "date_joined": "2024-07-29T21:56:22.444Z", "groups": [], "user_permissions": []}}, {"model": "auth.user", "pk": 2, "fields": {"password": "pbkdf2_sha256$260000$1yuaZ8zNcOfdOoKNFbkk41$VY/SNe8/ITAWo3g2QtRtoDpoGgjbIfaEzBaKv+UMLuU=", "last_login": "2024-10-16T20:14:32.118Z", "is_superuser": false, "username": "testytest", "first_name": "", "last_name": "", "email": "test@test.com", "is_staff": false, "is_active": true, "date_joined": "2024-10-15T15:20:05.187Z", "groups": [], "user_permissions": []}}, {"model": "auth.user", "pk": 3, "fields": {"password": "pbkdf2_sha256$260000$O46siaAS4pKxiYBOtvdogY$i39ZvtRTb+xZwRhk7On+rfyYjbzGWsI+TU+JsvQ7lP0=", "last_login": null, "is_superuser": false, "username": "brian123", "first_name": "", "last_name": "", "email": "brian@gmail.com", "is_staff": false, "is_active": true, "date_joined": "2024-11-11T16:50:30.906Z", "groups": [], "user_permissions": []}}, {"model": "auth.user", "pk": 4, "fields": {"password": "pbkdf2_sha256$260000$rjo59bNsHKRlHxW3vtYnZe$5aw+Sap0N8o63ce2ytGNIr0t0XXUOcHlsMGdi9Dpl0I=", "last_login": null, "is_superuser": false, "username": "miamc", "first_name": "", "last_name": "", "email": "mia@email.com", "is_staff": false, "is_active": true, "date_joined": "2024-12-12T21:32:10.621Z", "groups": [], "user_permissions": []}}, {"model": "auth.user", "pk": 5, "fields": {"password": "pbkdf2_sha256$260000$bUTSErGgPtJ2TqRZ5EYxf4$O3mSQWeAPJBC3NiT023a4EQbyIJXgvJeuz6iopcfqBo=", "last_login": null, "is_superuser": false, "username": "emmab", "first_name": "", "last_name": "", "email": "emmablythe@example.com", "is_staff": false, "is_active": true, "date_joined": "2024-12-12T21:42:01.415Z", "groups": [], "user_permissions": []}}, {"model": "auth.user", "pk": 6, "fields": {"password": "pbkdf2_sha256$260000$cbp1BQJEsQa2DzLQwJG2n5$DN9P/4rD643xMyS8z/1uSEl/N5tF9eEmVM+8kTBK87s=", "last_login": null, "is_superuser": false, "username": "emmablythe", "first_name": "", "last_name": "", "email": "emma@email.com", "is_staff": false, "is_active": true, "date_joined": "2024-12-12T22:00:20.398Z", "groups": [], "user_permissions": []}}, {"model": "auth.user", "pk": 7, "fields": {"password": "pbkdf2_sha256$260000$9PbZLaEmRlNOSwW37RQSR6$1BIzCAdYrCXuh5V7ekk6bmhCE0Fqfy+f8mcjpLnPhGA=", "last_login": null, "is_superuser": false, "username": "isaac", "first_name": "", "last_name": "", "email": "isaac@email.com", "is_staff": false, "is_active": true, "date_joined": "2024-12-13T16:16:09.372Z", "groups": [], "user_permissions": []}}, {"model": "auth.user", "pk": 8, "fields": {"password": "pbkdf2_sha256$260000$2VUmwgCu2FZ8My9yoP23IO$9g+aD67tdArz9FENNfXWDZjDYqZOoOD1sSKOVTr9Uqo=", "last_login": null, "is_superuser": false, "username": "garyt", "first_name": "", "last_name": "", "email": "gary@example.com", "is_staff": false, "is_active": true, "date_joined": "2024-12-13T16:32:23.832Z", "groups": [], "user_permissions": []}}, {"model": "auth.user", "pk": 9, "fields": {"password": "pbkdf2_sha256$260000$TRjg6GzzmM3Doe9SQ0zWz1$OUGkKnk1lJ/39XZGcDOYSZkenpnF1lPfVI4iyPdIv3Y=", "last_login": null, "is_superuser": false, "username": "mam1", "first_name": "", "last_name": "", "email": "mam@email.com", "is_staff": false, "is_active": true, "date_joined": "2024-12-13T16:35:52.970Z", "groups": [], "user_permissions": []}}, {"model": "auth.user", "pk": 10, "fields": {"password": "pbkdf2_sha256$260000$DcdfJ35852zKiXfaPsA3f3$Fd5lw0lcSkBIHXs8lYg2wMVzE1bpIRrXwRY8/rtYIpQ=", "last_login": null, "is_superuser": false, "username": "dad1", "first_name": "", "last_name": "", "email": "dad@email.com", "is_staff": false, "is_active": true, "date_joined": "2024-12-13T16:40:08.812Z", "groups": [], "user_permissions": []}}, {"model": "auth.user", "pk": 11, "fields": {"password": "pbkdf2_sha256$260000$0mhSB67i82KQtonjmEvUd7$qKAuWBnrnt9lEkgXkUVcpp8ozRbLb9Y3Uln/EIgyK7A=", "last_login": null, "is_superuser": false, "username": "dad2", "first_name": "", "last_name": "", "email": "dad2@email.com", "is_staff": false, "is_active": true, "date_joined": "2024-12-13T17:00:20.945Z", "groups": [], "user_permissions": []}}, {"model": "auth.user", "pk": 12, "fields": {"password": "pbkdf2_sha256$260000$OU5KsX4IjZ33IHTW6HarNZ$iRcjQUVGrMi1xnsgx3qYB4YFf7bWu8kiL7PEOJ5MJco=", "last_login": null, "is_superuser": false, "username": "tisan", "first_name": "", "last_name": "", "email": "tisanof511@datingel.com", "is_staff": false, "is_active": true, "date_joined": "2024-12-13T17:01:21.693Z", "groups": [], "user_permissions": []}}, {"model": "auth.user", "pk": 13, "fields": {"password": "pbkdf2_sha256$600000$8RQXt6VSlnpS56sVw2qN5p$+MScLuMHPjzqoA2Lui+uSiK57JfYXYFfuTb4Aqlag9k=", "last_login": null, "is_superuser": false, "username": "bjmc", "first_name": "", "last_name": "", "email": "example@email.com", "is_staff": false, "is_active": true, "date_joined": "2025-01-10T21:49:14.474Z", "groups": [], "user_permissions": []}}, {"model": "auth.user", "pk": 14, "fields": {"password": "pbkdf2_sha256$600000$RO6G9SmIDv27RkLA7NVwvP$7lxWBz6nmpm5fctdnW00hC6eit3UJKi/NRliSZr8FuQ=", "last_login": "2025-01-10T21:52:13.568Z", "is_superuser": false, "username": "example", "first_name": "", "last_name": "", "email": "yemihap498@sfxeur.com", "is_staff": false, "is_active": true, "date_joined": "2025-01-10T21:51:31.268Z", "groups": [], "user_permissions": []}}, {"model": "sessions.session", "pk": "17e71zracdiyagay2zbyot7uwbuf2g1k", "fields": {"session_data": "eyJhY2NvdW50X3ZlcmlmaWVkX2VtYWlsIjpudWxsLCJhY2NvdW50X3VzZXIiOiJjIn0:1tM96p:gBWszjXC8qyc0eEVrB51ffcg3-NSfcd5Yoq2jXvCs-o", "expire_date": "2024-12-27T17:05:47.598Z"}}, {"model": "sessions.session", "pk": "3fzrszsydz7swrzqhxo15h0wsyl9380u", "fields": {"session_data": "e30:1tXkAD:i7DbI9QkfTbzCFJNQAZWws4YQ5Uo5EgMvU_Dp6X7JpM", "expire_date": "2025-01-28T16:53:13.116Z"}}, {"model": "sessions.session", "pk": "51h2aso6r3a2rlboc5w4k7b68r55ow9i", "fields": {"session_data": ".eJxVjr0OgzAQg9_lZhSRNAckY3eeAd3lEqCtQOJnQrx7g8TQTpbsz5YP6Gjfhm5f49KNAh40FL8eU3jH6QrkRVM_qzBP2zKyuhB1p6tqZ4mf583-DQy0DrmNtbbaIQq7FHRZ1Wwaqx9cYopBoquSWEIu2fHlsCQ2SKFJXBsx1uZRph78kQ96U4DOYgtA8Po8vzQpPrw:1slwdR:Vc1WECuhRU4luGY67i3hsr4ziJnN-oBHcI6mvExbMsk", "expire_date": "2024-09-18T20:29:49.243Z"}}, {"model": "sessions.session", "pk": "5lzqfe9k4ydscpam4ktqi4rgrvbboaw4", "fields": {"session_data": ".eJxVkEFugzAQRe8ya4SwMQaz7D4nqCo02OPgFmyETZsKcffGbaQqu9F__7_FHDDiFfrjLAC1DrtPwydtzjoyAy3oZuj9Ps__FPc0kU9OY3LBDwulKZgI_esBfzf0sGKMX2EzcJ8l6Flby0Y0qq7LRnSqlaKAPdLmcaF7m264rDPB-VbAr37IcHDZxAQ8hSPqD_KZmHf011Dq4NPmxjJXygeN5SUYml8e3SfBhHG6r4WsW1ZxhsS5ElXdodUGRaukGVturUZhsZFcm44MGi4lE6RQK9VJyxqbpZFizC-g2-q2b-ir8wfw_W_d:1tWMvN:LZX5awMo33E6J_n6j8scA05Dii3mkvh8iTQd-hDbzbg", "expire_date": "2025-01-24T21:52:13.620Z"}}, {"model": "sessions.session", "pk": "6lukjir6tluxrdlu9vriffl56zn4m92y", "fields": {"session_data": "e30:1t0jGM:sG-QEx8qMtlYMb_Fuw1R6ZW5wLh558OXsKcf8HMQw1Q", "expire_date": "2024-10-29T15:15:06.443Z"}}, {"model": "sessions.session", "pk": "nome60pcx0nnw4hz0094pv8aztdkmbsj", "fields": {"session_data": ".eJxVjMsOgyAUBf_lrg0BRASW3fcbCI-L0jbYiCZtjP_emrhot2fmzAbWrcto14qzzREMcGh-N-_CHcsB4s2VYSJhKsucPTkUctJKrlPEx-V0_wKjq-P33UmqOs8Z5ehSUipSZDQpx5BF1K3imrcpecl1r1gQIUqHKUjBlA69UOKIVqw1T8Xi65nnNxjagHcDmA06MGzfPwk3QqE:1t0jy5:iJeePpl5w0bIhqQasWcv9FQl2aR-JsbTv6uG2qZfdz8", "expire_date": "2024-10-29T16:00:17.930Z"}}, {"model": "sessions.session", "pk": "nsyd1p5fe7sucdoup8md90r3cw9lwdvt", "fields": {"session_data": ".eJxVjs1qwzAQhF9F7NkIS_73sfeecoyDWEkr26krBcsqlJB3rwIptLDs4ZvZmb2DwnQsKkXa1WphBAHFX6bRfJB_CvaKfg7cBH_sq-ZPC3-pkb8HS9vby_svYMG45OtSG9SO6g5dV_aVG1zXyjxt3jWiLe3Q9LatZCmxb6zWoiU51JJ6sqI2VQ6N-EVq9S7AeOyJCtA4w3gH0bUwikdu_aQYcaaY-87nCZS6xuB_6QQFKwsmm4JNcErGZOzStn2z_DodZJlktz3YZI7IJ7hc4PEDWfVdZg:1t1p6b:zUZiPMQQbtlxAPZ_f2sWlsIxe8SsXQuDDOotgRwIe8o", "expire_date": "2024-11-01T15:41:33.307Z"}}, {"model": "sessions.session", "pk": "os8arlamj3rux5vu8j7cueddg3lk0nla", "fields": {"session_data": ".eJx9jM0KgzAQhN9lz0WSqDF67L3PEDZm1fTHFKNQK757E_DipbDMLjPfzgYGe2g24DKpm-kVtFl1cF9Kxgsavu8X4CoecfE_VMQ0LvOgl0CTdhYa4HDyDLYPGlNg7zj2Pmv9OE_OZAnJjjRkN2_peT3YU8GAYYjfzLRoOioq7Cqm8q7uKiniyKgFomW2LpWVuWACVWmN4ZJEXQhSZHnR5qk0UAjOj5o-bzet0LD9ByLyVxM:1stwEE:_0rQxBdhZQPxTbo2xxekIPQYuT2DLgnrBZDGYAmf9M0", "expire_date": "2024-10-10T21:40:50.112Z"}}, {"model": "sessions.session", "pk": "oyje812x5jlpcbodls3do7vcq1f8vic2", "fields": {"session_data": "eyJhY2NvdW50X3ZlcmlmaWVkX2VtYWlsIjpudWxsLCJhY2NvdW50X3VzZXIiOiIzIn0:1tAXcV:2c0gMCrIAJBV6fte50Muo1E310JqYKdVOypme6QGPdI", "expire_date": "2024-11-25T16:50:31.217Z"}}, {"model": "sessions.session", "pk": "svpngxta4igb9gjkzpshzf4uba27l59w", "fields": {"session_data": ".eJxVjMEOwiAQRP-FsyFAoawevfsNZJcFqRpISnsy_rtt0oNmbvPezFsEXJcS1p7mMLG4CC1Ovx1hfKa6A35gvTcZW13mieSuyIN2eWucXtfD_Tso2Mu2JgCnB2WRAWL2ZkQPeYwatjibHHsFZohsjR7YWX9Gh5SRUOlMBEl8vsinN88:1sYYsl:6vPvlGSuaEb5mySSREt2lZueLNUcJHDErCEFqwcniT8", "expire_date": "2024-08-12T22:30:19.455Z"}}, {"model": "sessions.session", "pk": "ywyggttlmx5z2rqlehuz73yn2p2p22r1", "fields": {"session_data": ".eJxVjEEOwiAURO_C2hBooXy7dO8ZyIcPFjVgoE00xrvbJl1oZjfz5r2ZxWWe7NJCtYnYyCQ7_HYO_S3kbaAr5kvhvuS5Jsc3hO9r4-dC4X7a2T_BhG1a3w5Ay14oJAAfTTeggTh4CWu0CpqMgK73pDrZk1bmiBpdRIdCRucgbNIWWksl2_B8pPpio_h8AW8pPww:1seiI2:jTrHHweJ_Qjzc5c8RZp7ykdmIYRLDKeM5xoBxB4wI2k", "expire_date": "2024-08-29T21:45:50.949Z"}}, {"model": "sites.site", "pk": 1, "fields": {"domain": "aphroditeclothingexample.com", "name": "Aphrodite Clothing"}}, {"model": "account.emailaddress", "pk": 1, "fields": {"user": 1, "email": "brianmcananey49@googlemail.com", "verified": true, "primary": true}}, {"model": "account.emailaddress", "pk": 2, "fields": {"user": 2, "email": "test@test.com", "verified": true, "primary": true}}, {"model": "account.emailaddress", "pk": 4, "fields": {"user": 4, "email": "mia@email.com", "verified": false, "primary": true}}, {"model": "account.emailaddress", "pk": 5, "fields": {"user": 5, "email": "emmablythe@example.com", "verified": false, "primary": true}}, {"model": "account.emailaddress", "pk": 6, "fields": {"user": 6, "email": "emma@email.com", "verified": false, "primary": true}}, {"model": "account.emailaddress", "pk": 7, "fields": {"user": 7, "email": "isaac@email.com", "verified": false, "primary": true}}, {"model": "account.emailaddress", "pk": 8, "fields": {"user": 8, "email": "gary@example.com", "verified": false, "primary": true}}, {"model": "account.emailaddress", "pk": 9, "fields": {"user": 9, "email": "mam@email.com", "verified": false, "primary": true}}, {"model": "account.emailaddress", "pk": 10, "fields": {"user": 10, "email": "dad@email.com", "verified": false, "primary": true}}, {"model": "account.emailaddress", "pk": 11, "fields": {"user": 11, "email": "dad2@email.com", "verified": false, "primary": true}}, {"model": "account.emailaddress", "pk": 12, "fields": {"user": 12, "email": "tisanof511@datingel.com", "verified": true, "primary": true}}, {"model": "account.emailaddress", "pk": 13, "fields": {"user": 13, "email": "example@email.com", "verified": false, "primary": true}}, {"model": "account.emailaddress", "pk": 14, "fields": {"user": 14, "email": "yemihap498@sfxeur.com", "verified": true, "primary": true}}, {"model": "products.category", "pk": 1, "fields": {"name": "coats", "friendly_name": "Coats"}}, {"model": "products.category", "pk": 2, "fields": {"name": "shoes", "friendly_name": "Shoes"}}, {"model": "products.category", "pk": 3, "fields": {"name": "clearance", "friendly_name": "Clearance"}}, {"model": "products.category", "pk": 4, "fields": {"name": "deals", "friendly_name": "Deals"}}, {"model": "products.category", "pk": 5, "fields": {"name": "jackets", "friendly_name": "Jackets"}}, {"model": "products.category", "pk": 6, "fields": {"name": "jeans", "friendly_name": "Jeans"}}, {"model": "products.category", "pk": 7, "fields": {"name": "trainers", "friendly_name": "Trainers"}}, {"model": "products.category", "pk": 8, "fields": {"name": "new_arrivals", "friendly_name": "New Arrivals"}}, {"model": "products.category", "pk": 9, "fields": {"name": "polo shirts", "friendly_name": "Polo Shirts"}}, {"model": "products.product", "pk": 2, "fields": {"category": 4, "sku": "pp5001600425", "name": "Crew Classic T-Shirt", "description": "Our classic crew neck t-shirt in olive. In 100% cotton jersey, peached and gently garment washed for softness. Comfort and style comes hand in hand with this tee.\r\n\r\n 100% cotton\r\n Peached for softness\r\n Crossed oars embroidered on the chest\r\n Lead model is 6'0\" and wears a size M\r\n Machine wash at 30 degrees", "has_sizes": true, "price": "24.99", "rating": "4.60", "image_url": "https://www.crewclothing.co.uk/images/products/large/MTE301_HRTOLIVE_1.jpg", "image": "deal-2_Tb5VIbT.jpeg"}}, {"model": "products.product", "pk": 4, "fields": {"category": 7, "sku": "pp5001890157", "name": "adidas Originals Handball Spezial", "description": "adidas Originals Handball Spezial Trainers in Aurora Ink, Wild Sepia and Gold Metallic. A firm favourite adopted by fans on the football terraces, as well as the urban warriors and the fashionistas amongst us. Dating back to 1979 when it was first introduced for elite handball players, this beloved shoe is renowned for its classic style. Crafted from soft pigskin nubuck suede for a supple feel and sat atop a contrast gum rubber outsole for a look that simply oozes vintage charm. Regular fitting with a secure lace fastening closure, serrated 3-stripes branding, metallic Spezial Trefoil side motif, and comfortable OrthoLite sock liner.", "has_sizes": true, "price": "100.00", "rating": "4.00", "image_url": "https://www.footasylum.com/images/products/medium/4109928.jpg", "image": "trainers-1_WzmBAPF.jpeg"}}, {"model": "products.product", "pk": 5, "fields": {"category": 7, "sku": "pp5002111605", "name": "adidas Originals Handball Spezial warm sandstone / preloved ink / gold metallic", "description": "adidas Originals Handball Spezial Trainers in Warm Sandstone, Preloved Ink and Gold Metallic. A firm favourite adopted by fans on the football terraces, as well as the urban warriors and the fashionistas amongst us. Dating back to 1979 when it was first introduced for elite handball players, this beloved shoe is renowned for its classic style. Crafted from soft pigskin nubuck suede for a supple feel and sat atop a contrast gum rubber outsole for a look that simply oozes vintage charm. Regular fitting with a secure lace fastening closure, serrated 3-stripes branding, metallic Spezial Trefoil side motif, and comfortable OrthoLite sock liner.", "has_sizes": true, "price": "90.00", "rating": "5.00", "image_url": "https://www.footasylum.com/men/mens-footwear/trainers/adidas-originals-handball-spezial-warm-sandstone-preloved-ink-gold-metallic-4109927/", "image": "trainers-2_MLDG5lm.jpeg"}}, {"model": "products.product", "pk": 6, "fields": {"category": 9, "sku": "pp5002260206", "name": "Boss Paddy 10241663 01", "description": "When performance counts, reach for this easy-care piqu polo from Dickies, featuring moisture-wicking technology and protection from the sun. moisture-wicking fabric fade and snag resistant UV protection rib-knit collar tagless neck for comfort 3-button placket side vents polyester washable imported", "has_sizes": true, "price": "30.99", "rating": "4.70", "image_url": "https://www.flannels.com/images/products/52791001_h.jpg", "image": "Screenshot_12-12-2024_205528_www.flannels.com_UEuBbtK.jpeg"}}, {"model": "products.product", "pk": 8, "fields": {"category": 7, "sku": "pp5002601115", "name": "adidas Originals Gazelle Trainer brown / pink / gum", "description": "adidas Originals Gazelle Trainers in Brown, Pink and Gum. This stallion of a shoe has had an innings of over 70 years and is showing no signs of being bowled out by the competition. Cut into a low profile that showcases a buttery soft leather upper, soft textile lining and durable rubber sole. Regular fitting with a secure lace fastening, classic serrated 3-Stripes to sides, foil Gazelle wording and Trefoil logos to heel tab, tongue and insole.", "has_sizes": true, "price": "90.00", "rating": "4.50", "image_url": "https://www.footasylum.com/images/products/medium/4108805.jpg", "image": "trainers-3_rOu6hEt.jpeg"}}, {"model": "products.product", "pk": 11, "fields": {"category": 9, "sku": "pp5002761055", "name": "Barbour Pique Polo T Shirt Green", "description": "Barbour Pique Polo T Shirt In Green Slate. A two branded pearlescent button opening featuring a tartan design situated on the interior of the placket. A polo collar with ribbed cuffs on the short sleeves. The signature Barbour Shield logo is embroidered on the left of the chest. Side vents on the hem with reinforcement tabs in a tartan design.100% Cotton.", "has_sizes": true, "price": "60.00", "rating": "3.00", "image_url": "https://cdn.mainlinemenswear.co.uk/images/w_1200,h_1200/f_auto,q_auto/mainlinemenswear/shopimages/products/209118/Mainimage.jpg/Barbour%20Pique%20Polo%20T%20Shirt%20Green", "image": "polo-2_vVf0xnR.jpeg"}}, {"model": "products.product", "pk": 13, "fields": {"category": 9, "sku": "pp5002820147", "name": "Gant Regular Shield Pique Polo T Shirt Blue", "description": "Gant Regular Shield Pique Polo T Shirt In Lapis Blue. A classic pique polo t shirt with a two branded pearlescent button opening at the neck and a ribbed polo collar. Ribbed cuffs on the short sleeves and the signature Gant Shield logo is embroidered on the left of the chest in grey, navy, white and red. Side vents at the hem and top stitching in lapis blue. Body: 100% Cotton. Ribbing: 97% Cotton And 3% Elastane.", "has_sizes": true, "price": "75.00", "rating": "3.20", "image_url": "https://cdn.mainlinemenswear.co.uk/images/w_1200,h_1200/f_auto,q_auto/mainlinemenswear/shopimages/products/209274/Mainimage.jpg/Gant%20Regular%20Shield%20Pique%20Polo%20T%20Shirt%20Blue", "image": "polo-3_92Uo1Xq.jpeg"}}, {"model": "products.product", "pk": 23, "fields": {"category": 9, "sku": "pp5003360384", "name": "Gant Shield Pique Polo T Shirt Blue", "description": "Gant Banner Shield Short Sleeved Pique Polo T Shirt In Capri Blue, Regular Fit. A two pearlescent button opening at the neck with a ribbed polo collar and ribbed cuffs on the short sleeves. The signature embroidered Gant Shield logo is situated on the left of the chest in navy, white, red and grey. Side vents at the hem and top stitching in blue. 97% Cotton And 3% Elastane.", "has_sizes": true, "price": "70.00", "rating": "4.80", "image_url": "https://cdn.mainlinemenswear.co.uk/images/w_1200,h_1200/f_auto,q_auto/mainlinemenswear/shopimages/products/209275/Mainimage.jpg/Gant%20Shield%20Pique%20Polo%20T%20Shirt%20Blue", "image": "polo-4_jLkSKcE.jpeg"}}, {"model": "products.product", "pk": 25, "fields": {"category": 9, "sku": "pp5003540313", "name": "Lacoste Regular Fit Polo T Shirt Green", "description": "Lacoste Polo T Shirt In Green. Regular Fit. A lightweight design with a two branded button placket. A ribbed polo collar and short sleeves. The signature embroidered Lacoste Crocodile logo badge is situated on the left of the chest. 57% Cotton, 32% Polyester , 11% Elastane. Collar: 53% Cotton, 47% Polyester.", "has_sizes": true, "price": "84.99", "rating": "3.00", "image_url": "https://cdn.mainlinemenswear.co.uk/images/w_1200,h_1200/f_auto,q_auto/mainlinemenswear/shopimages/products/208790/Mainimage.jpg/Lacoste%20Regular%20Fit%20Polo%20T%20Shirt%20Green", "image": "polo-5_2YBY85K.jpeg"}}, {"model": "products.product", "pk": 86, "fields": {"category": 2, "sku": "pp5005851218", "name": "Roamers Tan Leather & Herringbone Tweed Brogue Boots", "description": "Combining two of our most favourite fabrics here at MD, tweed and leather, are the Roamers Tan Tween Brogue Boots. They're great for pairing with jeans or chinos and a lightweight dress shirt or t-shirt for a smart casual seasonal look- or even with a pair of cargo joggers if you're feeling a little more adventurous with your styling.", "has_sizes": true, "price": "69.99", "rating": "4.10", "image_url": "https://masterdebonair.co/cdn/shop/files/roamers-tan-leather-herringbone-tweed-brogue-boots-29076688142438.jpg?v=1721911198&width=1440", "image": "shoes1_InOBmcm.jpg"}}, {"model": "products.product", "pk": 106, "fields": {"category": 2, "sku": "pp5006170128", "name": "Roamers Tan & Navy Suede Chunky Brogues", "description": "Its no secret that we love a pair of brogues at Master Debonair. And for good reason. Take these fine examples, for instance.\r\n\r\nTheyre the perfect shade of tan and navy to pair with jeans or chinos. We'd even pair them with a tweed suit.\r\n\r\nDetails such as the contrast stitching punched wingtip toes and classic five-eye lace-up complete these classic brogues. The most comfortable pair of brogues you'll ever wear.", "has_sizes": true, "price": "69.99", "rating": "4.00", "image_url": "https://masterdebonair.co/products/roamers-tan-navy-suede-chunky-brogues", "image": "shoes2_kiPvRHv.jpg"}}, {"model": "products.product", "pk": 107, "fields": {"category": 2, "sku": "pp5006170131", "name": "Justin Reess Hi Kennedy Brown Tweed Boots", "description": "Take on any adventure in style with the Justin Reess Hi Kennedy Brown Tweed Boots! These boots are designed for the risk-taker in you, featuring a rugged tweed exterior and sturdy construction. Take bold steps towards your goals and conquer the unknown with these stylish and durable boots!", "has_sizes": true, "price": "119.99", "rating": "5.00", "image_url": "https://masterdebonair.co/products/justin-reess-hi-kennedy-brown-tweed-boots", "image": "shoes4_XDKYk2K.jpg"}}, {"model": "products.product", "pk": 112, "fields": {"category": 2, "sku": "pp5006242155", "name": "Justin Reess Scott Brown Renaissance Brogues", "description": "Unleash your daring spirit and elevate your style with the Justin Reess Scott Brown Renaissance Brogues. Featuring a stunning painting print, these brogues offer a unique and bold statement to your wardrobe. Step out of your comfort zone and make a statement with every step.", "has_sizes": true, "price": "89.99", "rating": "3.00", "image_url": "https://masterdebonair.co/products/justin-reess-scott-brown-renaissance-brogues", "image": "shoes3_ReV7blU.webp"}}, {"model": "products.product", "pk": 126, "fields": {"category": 3, "sku": "pp5006330208", "name": "Farah Vintage Revero 3 Pack Boxer Shorts", "description": "Farah Vintage Revero 3 Pack Boxer Shorts In Dark Grey, Indigo And Stone. Three pairs of cotton stretch boxer shorts in either dark grey, indigo or stone. All three pairs feature a black elasticated waistband with the signature Farah logo repeated round the waistband in yellow and white. 95% Cotton and 5% Elastane.", "has_sizes": true, "price": "19.99", "rating": "3.50", "image_url": "https://cdn.mainlinemenswear.co.uk/images/w_900,h_900/f_auto,q_auto/mainlinemenswear/shopimages/products/207562/Mainimage.jpg/Farah%20Vintage%20Revero%203%20Pack%20Boxer%20Shorts", "image": "deal-4_yRZ0Qfy.jpeg"}}, {"model": "products.product", "pk": 133, "fields": {"category": 3, "sku": "pp5006380693", "name": "Ralph Lauren Lightweight Oxford Shirt Blue", "description": "Ralph Lauren Short Sleeve Lightweight Oxford Shirt In Blue, Custom Fit. An all over two toned design and a full front pearlescent button fastening in cream with a pearlescent button down shirt collar and short sleeves. The signature Ralph Lauren Polo Player logo is embroidered on the left of the chest in brown, white, cream and blue. A central pleat on the reverse with a curved hem design and top stitching in blue. 100% Cotton.", "has_sizes": true, "price": "74.99", "rating": "5.00", "image_url": "https://cdn.mainlinemenswear.co.uk/images/w_900,h_900/f_auto,q_auto/mainlinemenswear/shopimages/products/199073/Mainimage.jpg/Ralph%20Lauren%20Lightweight%20Oxford%20Shirt%20Blue", "image": "deal-5_1ECr6JJ.jpeg"}}, {"model": "products.product", "pk": 134, "fields": {"category": 6, "sku": "pp5006390235", "name": "HUGO BOSS BOSS Regular-Fit Jeans, Bright Blue", "description": "Explore comfort for fashionable everyday looks with these regular-fit, mid-rise jeans from HUGO BOSS. Made from a cotton blend.", "has_sizes": true, "price": "74.99", "rating": "3.00", "image_url": "https://media.johnlewiscontent.com/i/JohnLewis/008942505?fmt=auto&$background-off-white$&$rsp-pdp-port-640$", "image": "jeans-1_cxl9HTZ.jpeg"}}, {"model": "products.product", "pk": 136, "fields": {"category": 2, "sku": "pp5006420400", "name": "Amen Red & Navy Two Tone Brogues", "description": "Elevate your style game with our Amen Red & Navy Two Tone Brogues. Crafted with precision and sophistication, these shoes exude luxury and elegance. The classic brogue design is given a modern twist with the two-tone color scheme, making them a perfect accessory for any outfit. Walk with confidence and style in these premium brogues.", "has_sizes": true, "price": "99.99", "rating": "5.00", "image_url": "https://masterdebonair.co/products/amen-red-navy-two-tone-brogues", "image": "shoes5_mh5CfBk.jpg"}}, {"model": "products.product", "pk": 142, "fields": {"category": 1, "sku": "pp5006511030", "name": "Consort RWR Jacket", "description": "The Henri-Lloyd iconic Consort RWR Jacket combines heritage style with modern innovation, 100% waterproof, sustainable insulation, and iconic detailing, all crafted from eco-friendly, PFC-free materials for versatile performance.", "has_sizes": true, "price": "324.99", "rating": "5.00", "image_url": "https://henri-lloyd-products.imgix.net/images/1001_a94015562d-rwr_test-original.jpg?w=800&auto=format", "image": "jacket-1_y03Yg1I.jpeg"}}, {"model": "products.product", "pk": 143, "fields": {"category": 6, "sku": "pp5006541122", "name": "Levi's 512 Slim Tapered Jeans", "description": "These all new Levi's 512 jeans offer a tapered twist on the classic 511 slim cut.\r\n \r\nCrafted from cotton denim with a touch of stretch for comfort, they sit below the waist with a narrow fit through the thigh and a tailor-inspired taper to the ankle.\r\n \r\nConstructed in a traditional five-pocket silhouette with a zip fly and press stud detailing, their black wash makes them the perfect accompaniment to plain T-shirts and trainers for an edgy look.", "has_sizes": true, "price": "100.00", "rating": "5.00", "image_url": "https://media.johnlewiscontent.com/i/JohnLewis/002699762?fmt=auto&$background-off-white$&$rsp-pdp-port-640$", "image": "jeans-2_q3zSOUf.jpeg"}}, {"model": "products.product", "pk": 144, "fields": {"category": 6, "sku": "pp5006590111", "name": "GANT Regular Gant Jeans", "description": "Be the master of relaxed, laid-back dressing with these regular fit jeans from GANT.\r\n\r\nMade for off-duty days, consider the cuffs turned up and accenting with lace-up trainers.\r\n\r\nLess Laundering\r\nIts best to wash denim as little as possible in order to prevent shrinking and fading. Delay washing your new jeans as long as you can, instead hanging them out on the washing line to air. When they are ready for a freshening up, turn jeans inside-out and wash separately in cold water and line dry, if possible.", "has_sizes": true, "price": "100.00", "rating": "5.00", "image_url": "https://media.johnlewiscontent.com/i/JohnLewis/006516502?fmt=auto&$background-off-white$&$rsp-pdp-port-640$", "image": "jeans-3_zGN8Qid.jpeg"}}, {"model": "products.product", "pk": 146, "fields": {"category": 7, "sku": "pp5006590221", "name": "adidas Originals Handball Spezial Trainer aluminium / beige / gum", "description": "adidas Originals Handball Spezial Trainers in Aluminium, Beige and Gum. A firm favourite adopted by fans on the football terraces, as well as the urban warriors and the fashionistas amongst us. Dating back to 1979 when it was first introduced for elite handball players, this beloved shoe is renowned for its classic style. Crafted from soft pigskin nubuck suede for a supple feel and sat atop a contrast gum rubber outsole for a look that simply oozes vintage charm. Regular fitting with a secure lace fastening closure, serrated 3-stripes branding, metallic Spezial Trefoil side motif, and comfortable OrthoLite sock liner.", "has_sizes": true, "price": "100.00", "rating": "4.50", "image_url": "https://www.footasylum.com/images/products/medium/4109932.jpg", "image": "trainers-4_b3OmEz0.jpeg"}}, {"model": "products.product", "pk": 148, "fields": {"category": 7, "sku": "pp5006640930", "name": "Nike Air Max 95 Essential Trainer black /dark grey / black", "description": "Nike Air Max 95 Essential Trainers in Black, Dark Grey and Black. Lightweight cushioning with a streamlined aesthetic points towards an unparalleled comfortable ride. Visible Air-Sole unit hugs the full length PU midsole; waffle outsole for traction.", "has_sizes": true, "price": "82.99", "rating": "4.70", "image_url": "https://www.footasylum.com/images/products/medium/4033586.jpg", "image": "trainers-5_0RyR7BZ.jpeg"}}, {"model": "products.product", "pk": 151, "fields": {"category": 1, "sku": "pp5006790372", "name": "Mav Extreme Jacket", "description": "The Mav Extreme Jacket is the ultimate lightweight shield, offering complete protection and secure storage for tough adventures.", "has_sizes": true, "price": "395.00", "rating": "5.00", "image_url": "https://henri-lloyd-products.imgix.net/images/1029_00d1085ec4-mav_extreme_jacket_blue_1-medium-original.jpg?w=800&auto=format", "image": "jacket-2_4gb5PMh.jpeg"}}, {"model": "products.product", "pk": 154, "fields": {"category": 5, "sku": "pp5006820210", "name": "Infinite Mav Lite Jacket", "description": "The Infinite Mav Lite is a lightweight, water-resistant, 100% windproof shell jacket, ideal for dry-weather activities.", "has_sizes": true, "price": "225.00", "rating": "2.50", "image_url": "https://henri-lloyd-products.imgix.net/images/1036_7157f16774-a242151013_navy_1-medium-original.jpg?w=800&auto=format", "image": "coat-1_iwyZLhf.jpeg"}}, {"model": "products.product", "pk": 155, "fields": {"category": 5, "sku": "pp5006820299", "name": "Viking Smock", "description": "The Henri-Lloyd Viking Smock is built for adventure, offering unmatched protection with its 3-layer 100% waterproof design and adjustable hood. Made with recycled materials, it's ready for any weather.", "has_sizes": true, "price": "199.99", "rating": "3.00", "image_url": "https://henri-lloyd-products.imgix.net/images/1003_f3b5d83716-a242151005_navy_1-1500-x-1875-2-original.jpg?w=800&auto=format", "image": "coat-2_5AmVJcc.jpeg"}}, {"model": "products.product", "pk": 157, "fields": {"category": 6, "sku": "pp5006870003", "name": "Lee Carpenter Jeans, Ecru", "description": "A nod to Lee's workwear heritage, the Carpenter is a comfortable trouser with subtle detailing. Featuring a relaxed fit from the thigh to the knee, with a slight taper at the ankle. Finished off with the authentic hammer loop and extra tool pocket. Carefully constructed with lightweight Oxford canvas including 20% recycled cotton for durability and style. To create a different look, these Carpenters are finished in our off-white Ecru shade. Complete with dark contrast stitching to show off the details.", "has_sizes": true, "price": "89.99", "rating": "3.50", "image_url": "https://media.johnlewiscontent.com/i/JohnLewis/008926454alt1?fmt=auto&$background-off-white$", "image": "jeans-4_PYffUOa.jpeg"}}, {"model": "products.product", "pk": 160, "fields": {"category": 4, "sku": "pp5006990785", "name": "Classic Half Zip Knit Jumper", "description": "Our heritage half zip knit in dark navy. Cut from supersoft cotton, this is one of the most versatile pieces in your wardrobe - wear it solo or layer it with a shirt for 9 til 5 style. Effortlessly polished.\r\n\r\n 100% cotton\r\n Ribbed collar, cuffs and hem\r\n Branded zip pull\r\n Crossed oars embroidered on the chest\r\n Machine wash at 30 degrees", "has_sizes": true, "price": "74.99", "rating": "5.00", "image_url": "https://www.crewclothing.co.uk/images/products/large/MRC126_HRTDKNAVY.jpg", "image": "deal-1_I56stm9.jpeg"}}, {"model": "products.product", "pk": 168, "fields": {"category": 4, "sku": "pp5007220049", "name": "BOSS 3 Pack Crew Neck T Shirts", "description": "BOSS 3 Pack Of Classic Crew Neck T Shirts In White, Grey And Navy, Regular Fit. Assorted pack of three regular fit t shirts with ribbed crew necklines and short sleeves. The signature embroidered BOSS logo is situated on the left of the chest on each t shirt in either white or navy. 100% Cotton.", "has_sizes": true, "price": "483.99", "rating": "3.50", "image_url": "https://cdn.mainlinemenswear.co.uk/images/w_900,h_900/f_auto,q_auto/mainlinemenswear/shopimages/products/200976/Mainimage.jpg/BOSS%203%20Pack%20Crew%20Neck%20T%20Shirts", "image": "deal-3_NpkFb9B.jpeg"}}, {"model": "products.product", "pk": 171, "fields": {"category": 8, "sku": "pp5007300026", "name": "Ralph Lauren El Cap Jacket Black", "description": "Ralph Lauren El Cap Jacket In Polo Black. An all over quilted padded jacket with a full front two way branded zip fastening. Removable and adjustable padded hood with a double press stud fastening throat latch. Half elasticated and velcro fastening cuffs with drawcord fastenings on the interior of the waistband. Three zip entry pockets on the front with the signature Ralph Lauren Polo Player logo embroidered on the left of the chest in red. Shell: 100% Recycled Polyester. Lining: 100% Nylon. Filling: 75% Duck Down And 25% Duck Feathers.", "has_sizes": true, "price": "325.00", "rating": "5.00", "image_url": "https://cdn.mainlinemenswear.co.uk/images/w_900,h_900/f_auto,q_auto/mainlinemenswear/shopimages/products/207836/Mainimage.jpg/Ralph%20Lauren%20El%20Cap%20Jacket%20Black", "image": "new-1_GnwX1at.jpeg"}}, {"model": "products.product", "pk": 172, "fields": {"category": 6, "sku": "pp5007310136", "name": "Stylus Flare Jeans", "description": "Add a little retro to your wardrobe to create fashion fun with our Stylus flare jeans. high rise flare leg 5-pockets 32\" inseam cotton/polyester/rayon/spandex washable imported ", "has_sizes": true, "price": "60.99", "rating": "5.00", "image_url": "http://s7d9.scene7.com/is/image/JCPenney/DP1202201517023245M.tif?hei=380&amp;wid=380&op_usm=.4,.8,0,0&resmode=sharp2&op_usm=1.5,.8,0,0&resmode=sharp", "image": "DP1202201517023245M.jpg"}}, {"model": "products.product", "pk": 173, "fields": {"category": 8, "sku": "pp5007310220", "name": "BOSS Hooded Tracksuit Navy", "description": "BOSS Lounge Hooded Tracksuit In Navy. A two piece set with a long sleeved hoodie and joggers. The hoodie has a branded full zip fastening with a large hood featuring a grey interior and grey ribbed cuffs on the long raglan sleeves. Piping detail is featured across the shoulders in grey with a stretch grey ribbed waistband and two pouch pockets on the waist. The signature BOSS logo is embroidered on the left of the chest in grey. The joggers have an elasticated waistband featuring a woven grey drawstring fastening with ribbed ankle cuffs. Two pouch pockets on the hips and the signature BOSS logo is embroidered on the left thigh in grey. Top stitch detail in navy. 95% Cotton And 5% Elastane.", "has_sizes": true, "price": "114.99", "rating": "4.50", "image_url": "https://cdn.mainlinemenswear.co.uk/images/w_900,h_900/f_auto,q_auto/mainlinemenswear/shopimages/products/191918/Mainimage.jpg/BOSS%20Hooded%20Tracksuit%20Navy", "image": "new-2_6LSKkKJ.jpeg"}}, {"model": "products.product", "pk": 174, "fields": {"category": 8, "sku": "pp5007320233", "name": "St. John's Bay Ikat Sharkbite Tank Top", "description": "Add our tank top to your warm-weather wardrobe, featuring a sharkbite hem and a flowy style that looks great with shorts or skinny jeans. roundneck sharkbite hem rayon washable imported petite: 30\" length misses: 32\" length", "has_sizes": true, "price": "36.99", "rating": "5.00", "image_url": "http://s7d9.scene7.com/is/image/JCPenney/DP0429201617074742M.tif?hei=380&amp;wid=380&op_usm=.4,.8,0,0&resmode=sharp2&op_usm=1.5,.8,0,0&resmode=sharp", "image": "DP0429201617074742M.jpg"}}, {"model": "checkout.order", "pk": 3, "fields": {"order_number": "C872D0B25A5A4C079A98CDADCBDF7186", "user_profile": null, "full_name": "test", "email": "test@test.com", "phone_number": "qadasfafafaf", "country": "zxvzv", "postcode": "dsvzzgv", "town_or_city": "hggkjv", "street_address1": "dfbxbxvb", "street_address2": null, "county": "xfgdfg", "date": "2024-10-08T22:00:41.055Z", "delivery_cost": "3.00", "order_total": "29.99", "grand_total": "32.99", "original_bag": "", "stripe_pid": ""}}, {"model": "checkout.order", "pk": 4, "fields": {"order_number": "65FC1F9450904BBD9044906F652477FD", "user_profile": null, "full_name": "test", "email": "test@test.com", "phone_number": "qadasfafafaf", "country": "zxvzv", "postcode": "dsvzzgv", "town_or_city": "hggkjv", "street_address1": "dfbxbxvb", "street_address2": null, "county": "xfgdfg", "date": "2024-10-08T22:13:50.946Z", "delivery_cost": "0.00", "order_total": "0.00", "grand_total": "0.00", "original_bag": "", "stripe_pid": ""}}, {"model": "checkout.order", "pk": 5, "fields": {"order_number": "1FF2D90F67B44244B96DFE2575F65C9A", "user_profile": null, "full_name": "test", "email": "test@test.com", "phone_number": "12345", "country": "UK", "postcode": "dsvzzgv", "town_or_city": "hggkjv", "street_address1": "dfbxbxvb", "street_address2": null, "county": "xfgdfg", "date": "2024-10-09T21:34:46.835Z", "delivery_cost": "0.00", "order_total": "61.98", "grand_total": "61.98", "original_bag": "", "stripe_pid": ""}}, {"model": "checkout.order", "pk": 6, "fields": {"order_number": "D013FC4496504A138FB692CAC776C059", "user_profile": null, "full_name": "test", "email": "test@test.com", "phone_number": "12345", "country": "UK", "postcode": "dsvzzgv", "town_or_city": "hggkjv", "street_address1": "dfbxbxvb", "street_address2": null, "county": "xfgdfg", "date": "2024-10-09T22:24:33.200Z", "delivery_cost": "0.00", "order_total": "169.99", "grand_total": "169.99", "original_bag": "{\"4\": 1}", "stripe_pid": "pi_3Q88I3F41VQw2Faa187SeDuB"}}, {"model": "checkout.order", "pk": 7, "fields": {"order_number": "5DF7CBCE97424997BE3094F90C911E4B", "user_profile": 2, "full_name": "test", "email": "test@test.com", "phone_number": "1234567890", "country": "US", "postcode": null, "town_or_city": "Anywhere", "street_address1": "123 12nd street", "street_address2": null, "county": "New County", "date": "2024-10-16T20:05:20.600Z", "delivery_cost": "3.10", "order_total": "30.99", "grand_total": "34.09", "original_bag": "{\"6\": {\"items_by_size\": {\"m\": 1}}}", "stripe_pid": "pi_3QAdSRF41VQw2Faa0Ylaijdw"}}, {"model": "checkout.order", "pk": 8, "fields": {"order_number": "A938B9BBB8FB4297AC41AE30BDF7D612", "user_profile": 2, "full_name": "Test User", "email": "test@test.com", "phone_number": "1234567890", "country": "TR", "postcode": null, "town_or_city": "Anywhere", "street_address1": "123 12nd street", "street_address2": null, "county": "New County", "date": "2024-10-16T20:15:32.592Z", "delivery_cost": "0.00", "order_total": "0.00", "grand_total": "0.00", "original_bag": "{\"1\": {\"items_by_size\": {\"m\": 1}}}", "stripe_pid": "pi_3QAdcJF41VQw2Faa05YRrsQq"}}, {"model": "checkout.order", "pk": 9, "fields": {"order_number": "190E853B9B4946DF933D7514C1735D6A", "user_profile": 1, "full_name": "Testing Confirmation Email", "email": "brianmcananey49@googlemail.com", "phone_number": "1234567890", "country": "US", "postcode": null, "town_or_city": "Anywhere", "street_address1": "123 12nd street", "street_address2": null, "county": null, "date": "2024-10-16T20:36:08.519Z", "delivery_cost": "0.00", "order_total": "0.00", "grand_total": "0.00", "original_bag": "{\"12\": {\"items_by_size\": {\"m\": 2}}}", "stripe_pid": "pi_3QAdvMF41VQw2Faa0EdHXSGZ"}}, {"model": "checkout.orderlineitem", "pk": 6, "fields": {"order": 3, "product": 11, "product_size": "m", "quantity": 1, "lineitem_total": "29.99"}}, {"model": "checkout.orderlineitem", "pk": 10, "fields": {"order": 5, "product": 6, "product_size": "m", "quantity": 2, "lineitem_total": "61.98"}}, {"model": "checkout.orderlineitem", "pk": 11, "fields": {"order": 6, "product": 4, "product_size": null, "quantity": 1, "lineitem_total": "169.99"}}, {"model": "checkout.orderlineitem", "pk": 12, "fields": {"order": 7, "product": 6, "product_size": "m", "quantity": 1, "lineitem_total": "30.99"}}, {"model": "profiles.userprofile", "pk": 1, "fields": {"user": 1, "default_phone_number": "1234567890", "default_street_address1": "123 12nd street", "default_street_address2": null, "default_town_or_city": "Anywhere", "default_county": null, "default_postcode": null, "default_country": "US"}}, {"model": "profiles.userprofile", "pk": 2, "fields": {"user": 2, "default_phone_number": "1234567890", "default_street_address1": "123 12nd street", "default_street_address2": null, "default_town_or_city": "Anywhere", "default_county": "New County", "default_postcode": null, "default_country": "TR"}}, {"model": "profiles.userprofile", "pk": 3, "fields": {"user": 3, "default_phone_number": null, "default_street_address1": null, "default_street_address2": null, "default_town_or_city": null, "default_county": null, "default_postcode": null, "default_country": null}}, {"model": "profiles.userprofile", "pk": 4, "fields": {"user": 4, "default_phone_number": null, "default_street_address1": null, "default_street_address2": null, "default_town_or_city": null, "default_county": null, "default_postcode": null, "default_country": null}}, {"model": "profiles.userprofile", "pk": 5, "fields": {"user": 5, "default_phone_number": null, "default_street_address1": null, "default_street_address2": null, "default_town_or_city": null, "default_county": null, "default_postcode": null, "default_country": null}}, {"model": "profiles.userprofile", "pk": 6, "fields": {"user": 6, "default_phone_number": null, "default_street_address1": null, "default_street_address2": null, "default_town_or_city": null, "default_county": null, "default_postcode": null, "default_country": null}}, {"model": "profiles.userprofile", "pk": 7, "fields": {"user": 7, "default_phone_number": null, "default_street_address1": null, "default_street_address2": null, "default_town_or_city": null, "default_county": null, "default_postcode": null, "default_country": null}}, {"model": "profiles.userprofile", "pk": 8, "fields": {"user": 8, "default_phone_number": null, "default_street_address1": null, "default_street_address2": null, "default_town_or_city": null, "default_county": null, "default_postcode": null, "default_country": null}}, {"model": "profiles.userprofile", "pk": 9, "fields": {"user": 9, "default_phone_number": null, "default_street_address1": null, "default_street_address2": null, "default_town_or_city": null, "default_county": null, "default_postcode": null, "default_country": null}}, {"model": "profiles.userprofile", "pk": 10, "fields": {"user": 10, "default_phone_number": null, "default_street_address1": null, "default_street_address2": null, "default_town_or_city": null, "default_county": null, "default_postcode": null, "default_country": null}}, {"model": "profiles.userprofile", "pk": 11, "fields": {"user": 11, "default_phone_number": null, "default_street_address1": null, "default_street_address2": null, "default_town_or_city": null, "default_county": null, "default_postcode": null, "default_country": null}}, {"model": "profiles.userprofile", "pk": 12, "fields": {"user": 12, "default_phone_number": null, "default_street_address1": null, "default_street_address2": null, "default_town_or_city": null, "default_county": null, "default_postcode": null, "default_country": null}}, {"model": "profiles.userprofile", "pk": 13, "fields": {"user": 13, "default_phone_number": null, "default_street_address1": null, "default_street_address2": null, "default_town_or_city": null, "default_county": null, "default_postcode": null, "default_country": null}}, {"model": "profiles.userprofile", "pk": 14, "fields": {"user": 14, "default_phone_number": null, "default_street_address1": null, "default_street_address2": null, "default_town_or_city": null, "default_county": null, "default_postcode": null, "default_country": null}}]